category_name,category_reference,item_id,item_name,offer,old_price,price,quantity
Grocery & Staples,https://grofers.com/cn/grocery-staples/cid/16,1,Fortune Premium Kachi Ghani Pure Mustard Oil (Pouch),28% OFF,"₹,138","₹,98",1 lt
Grocery & Staples,https://grofers.com/cn/grocery-staples/cid/16,2,Chana Dal,38% OFF,"₹,90","₹,55",1 kg
Grocery & Staples,https://grofers.com/cn/grocery-staples/cid/16,3,Aashirvaad Shudh Chakki Whole Wheat Atta + B Natural Mango Magic Juice Combo,18% OFF,"₹,429","₹,349",10kg + 1lt
Grocery & Staples,https://grofers.com/cn/grocery-staples/cid/16,4,Aashirvaad Shudh Chakki Whole Wheat Atta + B Natural Mixed Fruit Merry Juice Combo,18% OFF,"₹,429","₹,349",10kg + 1lt
Grocery & Staples,https://grofers.com/cn/grocery-staples/cid/16,5,Malka Masoor Dal,36% OFF,"₹,90","₹,57",1 kg
Fruits & Vegetables,https://grofers.com/cn/fruits-vegetables/cid/9,1,Alphonso Mango,16% OFF,"₹,420","₹,349",6 units
Grocery & Staples,https://grofers.com/cn/grocery-staples/cid/16,6,Best Value Refined Sugar,28% OFF,"₹,275","₹,196",5 kg
Fruits & Vegetables,https://grofers.com/cn/fruits-vegetables/cid/9,2,Dasheri Mango,16% OFF,"₹,420","₹,349",6 units
Grocery & Staples,https://grofers.com/cn/grocery-staples/cid/16,7,Best Value Arhar Dal/Toor Dal,37% OFF,"₹,120","₹,75",1 kg
Fruits & Vegetables,https://grofers.com/cn/fruits-vegetables/cid/9,3,Muskmelon,0,0,"₹,45",1 unit (0.8-1.2 kg)
Grocery & Staples,https://grofers.com/cn/grocery-staples/cid/16,8,Best Value Chilka Green Moong Dal,30% OFF,"₹,120","₹,84",1 kg
Fruits & Vegetables,https://grofers.com/cn/fruits-vegetables/cid/9,4,Kesar Mango,16% OFF,"₹,420","₹,349",6 units
Grocery & Staples,https://grofers.com/cn/grocery-staples/cid/16,9,Best Value Dhuli Yellow Moong Dal,25% OFF,"₹,120","₹,89",1 kg
Fruits & Vegetables,https://grofers.com/cn/fruits-vegetables/cid/9,5,Pairi Mango,22% OFF,"₹,320","₹,249",6 units
Grocery & Staples,https://grofers.com/cn/grocery-staples/cid/16,10,Best Value Fine Besan,51% OFF,"₹,80","₹,39",500 gm
Fruits & Vegetables,https://grofers.com/cn/fruits-vegetables/cid/9,6,Safeda Mango,17% OFF,"₹,120","₹,99",3 units
Household Needs,https://grofers.com/cn/household-needs/cid/18,1,SaveMore Liquid Toilet Cleaner - Buy 1 Get 1 Free,50% OFF,"₹,156","₹,78",2x500 ml
Grocery & Staples,https://grofers.com/cn/grocery-staples/cid/16,11,Best Value Sooji/Rava,33% OFF,"₹,30","₹,20",500 gm
Breakfast & Dairy,https://grofers.com/cn/breakfast-dairy/cid/14,1,SaveMore Corn Flakes (Pouch) - Buy 1 Get 1 Free,50% OFF,"₹,344","₹,172",2x500 gm
Fruits & Vegetables,https://grofers.com/cn/fruits-vegetables/cid/9,7,Sindhura Mango,22% OFF,"₹,320","₹,249",6 units
Household Needs,https://grofers.com/cn/household-needs/cid/18,2,SaveMore Lemon Dishwashing Liquid - Buy 1 Get 1 Free,50% OFF,"₹,330","₹,165",2x750 ml
Grocery & Staples,https://grofers.com/cn/grocery-staples/cid/16,12,Best Value Thick Poha,25% OFF,"₹,35","₹,26",500 gm
Breakfast & Dairy,https://grofers.com/cn/breakfast-dairy/cid/14,2,Hen Fruit White Strong Eggs (Large) - Pack of 3,40% OFF,"₹,330","₹,195",3x10 units
Fruits & Vegetables,https://grofers.com/cn/fruits-vegetables/cid/9,8,Totapuri Mango,18% OFF,"₹,280","₹,229",6 units
Household Needs,https://grofers.com/cn/household-needs/cid/18,3,SaveMore Liquid Phenyl,56% OFF,"₹,64","₹,28",1 lt
Grocery & Staples,https://grofers.com/cn/grocery-staples/cid/16,13,Best Value Cumin Seeds/Jeera,39% OFF,"₹,220","₹,134",500 gm
Breakfast & Dairy,https://grofers.com/cn/breakfast-dairy/cid/14,3,Hen Fruit No Hatch Herbal Eggs - Pack of 3,30% OFF,"₹,210","₹,145",3x6 units
Fruits & Vegetables,https://grofers.com/cn/fruits-vegetables/cid/9,9,Coriander,20% OFF,"₹,5","₹,4",100 gm
Personal Care,https://grofers.com/cn/personal-care/cid/163,1,Dettol Deep Cleanse Soap - Pack of 2,50% OFF,"₹,102","₹,51",2x125 gm
Household Needs,https://grofers.com/cn/household-needs/cid/18,4,"Grofers Medium Garbage Bag (19x21"") - Buy 2 Get 1 Free",33% OFF,"₹,180","₹,120",3x30 units
Grocery & Staples,https://grofers.com/cn/grocery-staples/cid/16,14,Best Value Kala Chana/Brown Chana,46% OFF,"₹,60","₹,32",500 gm
Breakfast & Dairy,https://grofers.com/cn/breakfast-dairy/cid/14,4,Alphonso Mango,16% OFF,"₹,420","₹,349",6 units
Fruits & Vegetables,https://grofers.com/cn/fruits-vegetables/cid/9,10,Cauliflower,0,0,"₹,24",500-700 gm
Personal Care,https://grofers.com/cn/personal-care/cid/163,2,Savlon Moisture Shield Handwash (Refill),24% OFF,"₹,99","₹,75",750 ml
Household Needs,https://grofers.com/cn/household-needs/cid/18,5,Grofers Dishwash Bar (Tub) - Pack of 3,29% OFF,"₹,141","₹,99",3x500 gm
Grocery & Staples,https://grofers.com/cn/grocery-staples/cid/16,15,Best Value Chitra White Rajma,40% OFF,"₹,90","₹,54",500 gm
Breakfast & Dairy,https://grofers.com/cn/breakfast-dairy/cid/14,5,Dasheri Mango,16% OFF,"₹,420","₹,349",6 units
Fruits & Vegetables,https://grofers.com/cn/fruits-vegetables/cid/9,11,Onion,10% OFF,"₹,100","₹,90",5 kg
Furnishing & Home Needs,https://grofers.com/cn/furnishing-home-needs/cid/1379,1,Grofers 2 Ply Kitchen Towel (60 Pulls),34% OFF,"₹,75","₹,49",1 unit
Home & Kitchen,https://grofers.com/cn/home-kitchen/cid/1047,1,Grofers 2 Ply Kitchen Towel (60 Pulls),34% OFF,"₹,75","₹,49",1 unit
Personal Care,https://grofers.com/cn/personal-care/cid/163,3,Savlon Herbal Sensitive Handwash (Refill),24% OFF,"₹,99","₹,75",750 ml
Household Needs,https://grofers.com/cn/household-needs/cid/18,6,Vim Lemon Dishwash Bar - Pack of 3,12% OFF,"₹,40","₹,35",3x200 gm
Grocery & Staples,https://grofers.com/cn/grocery-staples/cid/16,16,Best Value Kashmiri Black Rajma,29% OFF,"₹,120","₹,85",1 kg
Breakfast & Dairy,https://grofers.com/cn/breakfast-dairy/cid/14,6,Best Value White Eggs,51% OFF,"₹,100","₹,49",10 units
Fruits & Vegetables,https://grofers.com/cn/fruits-vegetables/cid/9,12,Kiran Watermelon,0,0,"₹,30",1 unit (1.75-2.75 kg)
Furnishing & Home Needs,https://grofers.com/cn/furnishing-home-needs/cid/1379,2,Sattva EVSBRP Bean Bag Refill (White) - Pack of 2,83% OFF,"₹,2298","₹,389",2x500 gm
Home & Kitchen,https://grofers.com/cn/home-kitchen/cid/1047,2,Grofers Classy Pub 2 Pcs Beer Mug Set (500 ml),66% OFF,"₹,299","₹,99",1 unit
Personal Care,https://grofers.com/cn/personal-care/cid/163,4,Colgate MaxFresh Red Spicy Fresh Toothpaste,14% OFF,"₹,156","₹,133",300 gm
Household Needs,https://grofers.com/cn/household-needs/cid/18,7,All Out Ultra Mosquito Repellent (Refill),16% OFF,"₹,390","₹,325",6x45 ml
Baby & Kids,https://grofers.com/cn/baby-kids/cid/7,1,Pampers Baby Dry Pants Diaper (L) - Pack of 68,37% OFF,"₹,949","₹,596",68 units
Grocery & Staples,https://grofers.com/cn/grocery-staples/cid/16,17,Best Value Red Masoor Dal,53% OFF,"₹,65","₹,30",500 gm
Breakfast & Dairy,https://grofers.com/cn/breakfast-dairy/cid/14,7,Best Value Eggs (White),55% OFF,"₹,300","₹,133",30 units
Fruits & Vegetables,https://grofers.com/cn/fruits-vegetables/cid/9,13,New Potato,10% OFF,"₹,100","₹,90",5 kg
Furnishing & Home Needs,https://grofers.com/cn/furnishing-home-needs/cid/1379,3,Spaces Atrium 6 Pcs 434 GSM 100% Cotton Bath Towel Set (Lagoon Insignia Blue),57% OFF,"₹,1995","₹,849",1 unit
Beverages,https://grofers.com/cn/beverages/cid/12,1,Aashirvaad Shudh Chakki Whole Wheat Atta + B Natural Mango Magic Juice Combo,18% OFF,"₹,429","₹,349",10kg + 1lt
Home & Kitchen,https://grofers.com/cn/home-kitchen/cid/1047,3,Grofers Classy Pub 2 Pcs Beer Mug Set (400 ml),66% OFF,"₹,299","₹,99",1 unit
Personal Care,https://grofers.com/cn/personal-care/cid/163,5,Pantene Total Damage Care Shampoo,40% OFF,"₹,395","₹,237",675 ml
Household Needs,https://grofers.com/cn/household-needs/cid/18,8,Good Knight Advanced Activ+ Cartridge Twin Saver Mosquito Repellent (Refill),28% OFF,"₹,140","₹,100",2x45 ml
Baby & Kids,https://grofers.com/cn/baby-kids/cid/7,2,Pampers Baby Dry Pants Diaper (XL) - Pack of 58,36% OFF,"₹,949","₹,599",58 units
Grocery & Staples,https://grofers.com/cn/grocery-staples/cid/16,18,Best Value Sabut Black Masoor Dal,48% OFF,"₹,60","₹,31",500 gm
Breakfast & Dairy,https://grofers.com/cn/breakfast-dairy/cid/14,8,Kiran Watermelon,0,0,"₹,30",1 unit (1.75-2.75 kg)
Fruits & Vegetables,https://grofers.com/cn/fruits-vegetables/cid/9,14,Cucumber,0,0,"₹,10",1 kg
Furnishing & Home Needs,https://grofers.com/cn/furnishing-home-needs/cid/1379,4,Spaces Atrium 10 Pcs 434 GSM 100% Cotton Bath Towel Set (Lagoon Insignia Blue),59% OFF,"₹,2495","₹,999",1 unit
Beverages,https://grofers.com/cn/beverages/cid/12,2,Aashirvaad Shudh Chakki Whole Wheat Atta + B Natural Mixed Fruit Merry Juice Combo,18% OFF,"₹,429","₹,349",10kg + 1lt
"Biscuits, Snacks & Chocolates",https://grofers.com/cn/biscuits-snacks-chocolates/cid/13,1,Cornitos Sizzlin Jalapeno Nachos - Pack of 2,20% OFF,"₹,70","₹,56",2x60 gm
Home & Kitchen,https://grofers.com/cn/home-kitchen/cid/1047,4,"Dream Home 3369 6 Pcs Glass Set (350 ml, Transparent)",66% OFF,"₹,599","₹,199",1 unit
Personal Care,https://grofers.com/cn/personal-care/cid/163,6,Godrej Protekt Master Blaster Handwash (Refill),44% OFF,"₹,115","₹,64",750 ml
Household Needs,https://grofers.com/cn/household-needs/cid/18,9,Grofers Aluminium Foil - Pack of 2,60% OFF,"₹,138","₹,55",2x9 m
Baby & Kids,https://grofers.com/cn/baby-kids/cid/7,3,Pampers Baby Dry Pants Diaper (M) - Pack of 80,37% OFF,"₹,949","₹,596",80 units
Grocery & Staples,https://grofers.com/cn/grocery-staples/cid/16,19,Best Value Chana Dal,47% OFF,"₹,120","₹,63",1 kg
Breakfast & Dairy,https://grofers.com/cn/breakfast-dairy/cid/14,9,Amul Butter,6% OFF,"₹,225","₹,211",500 gm
Fruits & Vegetables,https://grofers.com/cn/fruits-vegetables/cid/9,15,Tomato - Hybrid,10% OFF,"₹,40","₹,36",2 kg
Furnishing & Home Needs,https://grofers.com/cn/furnishing-home-needs/cid/1379,5,Spaces Atrium 6 Pcs 434 GSM 100% Cotton Bath Towel Set (Rough Red & Green Flash),57% OFF,"₹,1995","₹,849",1 unit
"Noodles, Sauces & Instant Food",https://grofers.com/cn/noodles-sauces-instant-food/cid/15,1,Maggi Masala Noodles,43% OFF,"₹,86","₹,49",560 gm (Pack of 8)
"Meats, Frozen & Seafood",https://grofers.com/cn/meats-frozen-seafood/cid/4,1,Hen Fruit White Strong Eggs (Large) - Pack of 3,40% OFF,"₹,330","₹,195",3x10 units
Beverages,https://grofers.com/cn/beverages/cid/12,3,Mountain Dew Grip Soft Drink (Bottle),8% OFF,"₹,35","₹,32",600 ml
"Biscuits, Snacks & Chocolates",https://grofers.com/cn/biscuits-snacks-chocolates/cid/13,2,Cornitos Cheese & Herbs Nachos - Pack of 2,20% OFF,"₹,70","₹,56",2x60 gm
Home & Kitchen,https://grofers.com/cn/home-kitchen/cid/1047,5,"Dream Home 3370 6 Pcs Glass Set (350 ml, Transparent)",66% OFF,"₹,599","₹,199",1 unit
Personal Care,https://grofers.com/cn/personal-care/cid/163,7,Whisper Ultra Clean Sanitary Pads (XL+ Wings),34% OFF,"₹,399","₹,260",44 units
Household Needs,https://grofers.com/cn/household-needs/cid/18,10,"Grofers Small Garbage Bag (17x19"") - Buy 2 Get 1 Free",33% OFF,"₹,150","₹,100",3x30 units
Baby & Kids,https://grofers.com/cn/baby-kids/cid/7,4,MamyPoko Pants Extra Absorb Diaper (L) - Pack of 62,36% OFF,"₹,930","₹,595",62 units
Grocery & Staples,https://grofers.com/cn/grocery-staples/cid/16,20,Best Value Kabuli Chana,47% OFF,"₹,95","₹,50",500 gm
Breakfast & Dairy,https://grofers.com/cn/breakfast-dairy/cid/14,10,Kiwi - Imported,20% OFF,"₹,150","₹,120",6 units
Fruits & Vegetables,https://grofers.com/cn/fruits-vegetables/cid/9,16,Ginger (Adrak),15% OFF,"₹,20","₹,17",200 gm
Furnishing & Home Needs,https://grofers.com/cn/furnishing-home-needs/cid/1379,6,Spaces Atrium 6 Pcs 434 GSM 100% Cotton Bath Towel Set (Directoire Blue & Orange),57% OFF,"₹,1995","₹,849",1 unit
"Noodles, Sauces & Instant Food",https://grofers.com/cn/noodles-sauces-instant-food/cid/15,2,Maggi Vegetable Atta Noodles,20% OFF,"₹,75","₹,60",300 gm
"Meats, Frozen & Seafood",https://grofers.com/cn/meats-frozen-seafood/cid/4,2,Carnivore Seekh Kebab - Chicken,10% OFF,"₹,230","₹,207",500 gm
Pet Care,https://grofers.com/cn/pet-care/cid/5,1,Pedigree Chicken & Liver Chunks in Gravy Wet Food (Adult) - Pack of 3,14% OFF,"₹,90","₹,77",3x80 gm
Beverages,https://grofers.com/cn/beverages/cid/12,4,7UP Nimbooz Soft Drink (Bottle) - Pack of 6,10% OFF,"₹,120","₹,108",6x330 ml
"Biscuits, Snacks & Chocolates",https://grofers.com/cn/biscuits-snacks-chocolates/cid/13,3,Best Value Red Raw Peanuts,43% OFF,"₹,90","₹,51",500 gm
Home & Kitchen,https://grofers.com/cn/home-kitchen/cid/1047,6,"Dream Home 3371 6 Pcs Glass Set (350 ml, Transparent)",66% OFF,"₹,599","₹,199",1 unit
Personal Care,https://grofers.com/cn/personal-care/cid/163,8,Patanjali Dant Kanti Toothpaste,0,0,"₹,75",200 gm
Household Needs,https://grofers.com/cn/household-needs/cid/18,11,"SaveMore Medium Garbage Bag (19 x 21"") - Buy 1 Get 1 Free",50% OFF,"₹,110","₹,55",2x30 units
Baby & Kids,https://grofers.com/cn/baby-kids/cid/7,5,MamyPoko Pants Extra Absorb Diaper (M) - Pack of 74,33% OFF,"₹,930","₹,621",74 units
Grocery & Staples,https://grofers.com/cn/grocery-staples/cid/16,21,Best Value Dhuli White Urad Dal,52% OFF,"₹,80","₹,38",500 gm
Breakfast & Dairy,https://grofers.com/cn/breakfast-dairy/cid/14,11,Mother Dairy Paneer,0,"₹,65","₹,64",200 gm
Fruits & Vegetables,https://grofers.com/cn/fruits-vegetables/cid/9,17,Lemon,0,0,"₹,30",6 units
Furnishing & Home Needs,https://grofers.com/cn/furnishing-home-needs/cid/1379,7,Spaces Atrium 10 Pcs 434 GSM 100% Cotton Bath Towel Set (Mustard Yellow & Grey),59% OFF,"₹,2495","₹,999",1 unit
"Noodles, Sauces & Instant Food",https://grofers.com/cn/noodles-sauces-instant-food/cid/15,3,Sunfeast Yippee Magic Masala Noodles,25% OFF,"₹,67","₹,50",360 gm
"Meats, Frozen & Seafood",https://grofers.com/cn/meats-frozen-seafood/cid/4,3,Carnivore Seekh Kebab (Lime Pudina) - Chicken,10% OFF,"₹,240","₹,216",500 gm
Pet Care,https://grofers.com/cn/pet-care/cid/5,2,Pedigree Chicken & Milk Dry Food (Puppy) - Free Pedigree Chicken Chunks in Gravy Wet Food (Puppy),11% OFF,"₹,270","₹,240",1.2kg + 80gm
Beverages,https://grofers.com/cn/beverages/cid/12,5,Pepsi Soft Drink (Bottle),5% OFF,"₹,35","₹,33",600 ml
"Biscuits, Snacks & Chocolates",https://grofers.com/cn/biscuits-snacks-chocolates/cid/13,4,Parle-G Original Gluco Biscuit,6% OFF,"₹,60","₹,56",800 gm
Home & Kitchen,https://grofers.com/cn/home-kitchen/cid/1047,7,"Dream Home 3372 6 Pcs Glass Set (350 ml, Transparent)",66% OFF,"₹,599","₹,199",1 unit
Personal Care,https://grofers.com/cn/personal-care/cid/163,9,Godrej Protekt Masterchef's Handwash (Refill) + 8 Hour Germ Protection Hand Sanitizer (Spray) Combo,0,"₹,165","₹,162",750ml + 30ml
Household Needs,https://grofers.com/cn/household-needs/cid/18,12,"SaveMore Small Garbage Bag (17 x 19"") - Buy 1 Get 1 Free",50% OFF,"₹,90","₹,45",2x30 units
Baby & Kids,https://grofers.com/cn/baby-kids/cid/7,6,MamyPoko Pants Extra Absorb Diaper (XL) - Pack of 54,30% OFF,"₹,930","₹,650",54 units
Grocery & Staples,https://grofers.com/cn/grocery-staples/cid/16,22,Best Value Sabut Black Urad Dal,51% OFF,"₹,80","₹,39",500 gm
Breakfast & Dairy,https://grofers.com/cn/breakfast-dairy/cid/14,12,Papaya,0,0,"₹,60",1 unit (1.5-2 kg)
Fruits & Vegetables,https://grofers.com/cn/fruits-vegetables/cid/9,18,Green Peas,15% OFF,"₹,100","₹,85",1 kg
Furnishing & Home Needs,https://grofers.com/cn/furnishing-home-needs/cid/1379,8,Spaces Atrium 6 Pcs 434 GSM 100% Cotton Bath Towel Set (Mustard Yellow & Grey),57% OFF,"₹,1995","₹,849",1 unit
"Noodles, Sauces & Instant Food",https://grofers.com/cn/noodles-sauces-instant-food/cid/15,4,Carnivore Seekh Kebab - Chicken,10% OFF,"₹,230","₹,207",500 gm
"Meats, Frozen & Seafood",https://grofers.com/cn/meats-frozen-seafood/cid/4,4,Carnivore Seekh Kebab (Malai Cheese) - Chicken,10% OFF,"₹,260","₹,234",500 gm
Pet Care,https://grofers.com/cn/pet-care/cid/5,3,Pedigree Chicken & Vegetables Dry Food (Adult) - Free Pedigree Chicken & Liver Chunks in Gravy Wet Food (Adult),11% OFF,"₹,260","₹,230",1.2kg + 80gm
Beverages,https://grofers.com/cn/beverages/cid/12,6,Tata Premium Tea (Pouch),30% OFF,"₹,310","₹,217",1 kg
"Biscuits, Snacks & Chocolates",https://grofers.com/cn/biscuits-snacks-chocolates/cid/13,5,Britannia Toastea Premium Bake Rusk,12% OFF,"₹,40","₹,35",300 gm
Home & Kitchen,https://grofers.com/cn/home-kitchen/cid/1047,8,Orka Candy Beans Round Bean Bag Refill (White),37% OFF,"₹,399","₹,249",500 gm
Personal Care,https://grofers.com/cn/personal-care/cid/163,10,Godrej Protekt Masterchef's Handwash (Refill),44% OFF,"₹,115","₹,64",750 ml
Household Needs,https://grofers.com/cn/household-needs/cid/18,13,Tide Plus Extra Power Lemon & Mint Detergent Powder,8% OFF,"₹,94","₹,86",1 kg
Baby & Kids,https://grofers.com/cn/baby-kids/cid/7,7,Himalaya Baby Powder,25% OFF,"₹,176","₹,132",400 gm
Grocery & Staples,https://grofers.com/cn/grocery-staples/cid/16,23,Best Value Red Raw Peanuts,43% OFF,"₹,90","₹,51",500 gm
Breakfast & Dairy,https://grofers.com/cn/breakfast-dairy/cid/14,13,Best Value Sabudana,25% OFF,"₹,70","₹,52",500 gm
Fruits & Vegetables,https://grofers.com/cn/fruits-vegetables/cid/9,19,Large Round Brinjal (Bharta),0,0,"₹,20",1 unit (400-600 gm)
Furnishing & Home Needs,https://grofers.com/cn/furnishing-home-needs/cid/1379,9,Eurospa Elegance 2 Pcs 100% Cotton Hand Towel Set (Aqua),60% OFF,"₹,199","₹,79",1 unit
"Noodles, Sauces & Instant Food",https://grofers.com/cn/noodles-sauces-instant-food/cid/15,5,Carnivore Punjabi Seekh Kebab - Chicken,10% OFF,"₹,260","₹,234",500 gm
"Meats, Frozen & Seafood",https://grofers.com/cn/meats-frozen-seafood/cid/4,5,Carnivore Punjabi Seekh Kebab - Chicken,10% OFF,"₹,260","₹,234",500 gm
Pet Care,https://grofers.com/cn/pet-care/cid/5,4,Pedigree Meat & Rice Dry Food (Adult) - Free Pedigree Chicken & Liver Chunks in Gravy Wet Food (Adult),11% OFF,"₹,260","₹,230",1.2kg + 80gm
Beverages,https://grofers.com/cn/beverages/cid/12,7,Coca-Cola Soft Drink (Bottle),31% OFF,"₹,35","₹,24",600 ml
"Biscuits, Snacks & Chocolates",https://grofers.com/cn/biscuits-snacks-chocolates/cid/13,6,Parle Hide & Seek Bourbon Black Vanilla creme Biscuit - Buy 3 Get 1 Free,25% OFF,"₹,100","₹,75",4x100 gm
Home & Kitchen,https://grofers.com/cn/home-kitchen/cid/1047,9,Rajrani Grass Stick Broom - Pack of 2,52% OFF,"₹,198","₹,95",2x1 unit
Personal Care,https://grofers.com/cn/personal-care/cid/163,11,Pears Pure & Gentle Soap,0,"₹,164","₹,157",3x125 gm
Household Needs,https://grofers.com/cn/household-needs/cid/18,14,Patanjali Super Dishwash Bar - Pack of 4,0,0,"₹,40",4x175 gm
Baby & Kids,https://grofers.com/cn/baby-kids/cid/7,8,Luv Lap Paraben Free Wet Baby Wipes,25% OFF,"₹,99","₹,74",80 units
Grocery & Staples,https://grofers.com/cn/grocery-staples/cid/16,24,Best Value Maida,42% OFF,"₹,28","₹,16",500 gm
Breakfast & Dairy,https://grofers.com/cn/breakfast-dairy/cid/14,14,Muskmelon,0,0,"₹,45",1 unit (0.8-1.2 kg)
Fruits & Vegetables,https://grofers.com/cn/fruits-vegetables/cid/9,20,Green Capsicum,18% OFF,"₹,44","₹,36",500 gm
Furnishing & Home Needs,https://grofers.com/cn/furnishing-home-needs/cid/1379,10,Spaces Atrium 10 Pcs 434 GSM 100% Cotton Bath Towel Set (Directoire Blue & Orange),59% OFF,"₹,2495","₹,999",1 unit
"Noodles, Sauces & Instant Food",https://grofers.com/cn/noodles-sauces-instant-food/cid/15,6,Kissan Fresh Tomato Ketchup (Pouch),26% OFF,"₹,125","₹,92",950 gm
"Meats, Frozen & Seafood",https://grofers.com/cn/meats-frozen-seafood/cid/4,6,Best Value White Eggs,51% OFF,"₹,100","₹,49",10 units
Pet Care,https://grofers.com/cn/pet-care/cid/5,5,Pedigree Chicken & Liver Chunks in Gravy Wet Food (Adult) - Pack of 8,5% OFF,"₹,240","₹,226",8x80 gm
Beverages,https://grofers.com/cn/beverages/cid/12,8,Cadbury Bournvita Pro-Health Chocolate Health Drink (Jar),18% OFF,"₹,378","₹,307",1 kg
"Biscuits, Snacks & Chocolates",https://grofers.com/cn/biscuits-snacks-chocolates/cid/13,7,Glonuts American Almonds,34% OFF,"₹,125","₹,82",100 gm
Home & Kitchen,https://grofers.com/cn/home-kitchen/cid/1047,10,"Pronto Lima 6457 - BL 600D Polyester 4W Check-in Luggage Trolley Bag (68 cm Medium, Blue)",63% OFF,"₹,8376","₹,3099",1 unit
Personal Care,https://grofers.com/cn/personal-care/cid/163,12,Dove Beauty Cream Soap,0,"₹,172","₹,165",3x100 gm
Household Needs,https://grofers.com/cn/household-needs/cid/18,15,Harpic Power Original Toilet Cleaner,22% OFF,"₹,80","₹,62",500 ml
Baby & Kids,https://grofers.com/cn/baby-kids/cid/7,9,Dabur Lal Baby Massage Oil,20% OFF,"₹,170","₹,136",200 ml
Grocery & Staples,https://grofers.com/cn/grocery-staples/cid/16,25,Best Value Green Cardamom Whole/Elaichi,42% OFF,"₹,160","₹,92",50 gm
Breakfast & Dairy,https://grofers.com/cn/breakfast-dairy/cid/14,15,Sapota (Chikoo),18% OFF,"₹,50","₹,41",500 gm
Fruits & Vegetables,https://grofers.com/cn/fruits-vegetables/cid/9,21,Cabbage,0,0,"₹,10",1 unit (500-800 gm)
Furnishing & Home Needs,https://grofers.com/cn/furnishing-home-needs/cid/1379,11,Grofers Hollow Polyester Staple Fiber Pillow (White) - Pack of 4,58% OFF,"₹,1398","₹,587",1 unit
"Noodles, Sauces & Instant Food",https://grofers.com/cn/noodles-sauces-instant-food/cid/15,7,Best Value Cooking Soda - Pack of 2,5% OFF,"₹,20","₹,19",2x50 gm
"Meats, Frozen & Seafood",https://grofers.com/cn/meats-frozen-seafood/cid/4,7,Best Value Eggs (White),55% OFF,"₹,300","₹,133",30 units
Pet Care,https://grofers.com/cn/pet-care/cid/5,6,Pedigree Chicken Chunks in Gravy Wet Food (Puppy) - Pack of 8,5% OFF,"₹,240","₹,226",8x80 gm
Beverages,https://grofers.com/cn/beverages/cid/12,9,Tata Gold Tea (Pouch),17% OFF,"₹,216","₹,178",500 gm
"Biscuits, Snacks & Chocolates",https://grofers.com/cn/biscuits-snacks-chocolates/cid/13,8,Glonuts Green Raisins,59% OFF,"₹,245","₹,99",500 gm
Home & Kitchen,https://grofers.com/cn/home-kitchen/cid/1047,11,Grofers 2 Ply Paper Napkins (50 Pulls),34% OFF,"₹,58","₹,38",1 unit
Personal Care,https://grofers.com/cn/personal-care/cid/163,13,Dabur Red Toothpaste,25% OFF,"₹,92","₹,69",200 gm
Household Needs,https://grofers.com/cn/household-needs/cid/18,16,Active Wheel 2 in 1 Clean & Fresh Detergent Powder,6% OFF,"₹,49","₹,46",1 kg
Baby & Kids,https://grofers.com/cn/baby-kids/cid/7,10,Johnson's Skincare Baby Wipes - Pack of 2,21% OFF,"₹,380","₹,297",2x80 units
Grocery & Staples,https://grofers.com/cn/grocery-staples/cid/16,26,Best Value Mix Dal,53% OFF,"₹,88","₹,41",500 gm
Breakfast & Dairy,https://grofers.com/cn/breakfast-dairy/cid/14,16,Robusta Banana,8% OFF,"₹,48","₹,44",6 units
Fruits & Vegetables,https://grofers.com/cn/fruits-vegetables/cid/9,22,Kiwi - Imported,20% OFF,"₹,150","₹,120",6 units
Furnishing & Home Needs,https://grofers.com/cn/furnishing-home-needs/cid/1379,12,Grofers 2 Ply Kitchen Towel - Pack of 2,35% OFF,"₹,140","₹,91",2x60units
"Noodles, Sauces & Instant Food",https://grofers.com/cn/noodles-sauces-instant-food/cid/15,8,Maggi Masala Noodles - Pack of 4,6% OFF,"₹,44","₹,41",4x70 gm
"Meats, Frozen & Seafood",https://grofers.com/cn/meats-frozen-seafood/cid/4,8,Best Value Curry Cut - Chicken,40% OFF,"₹,300","₹,179",1 kg
Pet Care,https://grofers.com/cn/pet-care/cid/5,7,Pedigree Chicken & Milk Dry Food (Puppy),10% OFF,"₹,1800","₹,1620",10 kg
Beverages,https://grofers.com/cn/beverages/cid/12,10,Tata Agni Tea (Pouch),24% OFF,"₹,58","₹,44",250 gm
"Biscuits, Snacks & Chocolates",https://grofers.com/cn/biscuits-snacks-chocolates/cid/13,9,Best Value Flax Seeds,40% OFF,"₹,25","₹,15",100 gm
Home & Kitchen,https://grofers.com/cn/home-kitchen/cid/1047,12,Grofers 2 Ply Kitchen Towel - Pack of 2,35% OFF,"₹,140","₹,91",2x60units
Personal Care,https://grofers.com/cn/personal-care/cid/163,14,Parachute Pure Coconut Oil,17% OFF,"₹,199","₹,165",500 ml
Household Needs,https://grofers.com/cn/household-needs/cid/18,17,Rin Detergent Bar,0,0,"₹,64",4x250 gm
Baby & Kids,https://grofers.com/cn/baby-kids/cid/7,11,Nestle Cerelac Multigrain & Fruits Stage 4 Fortified Baby Cereal (12 months+),0,0,"₹,239",300 gm
Grocery & Staples,https://grofers.com/cn/grocery-staples/cid/16,27,Best Value Ajwain Seeds,58% OFF,"₹,65","₹,27",100 gm
Breakfast & Dairy,https://grofers.com/cn/breakfast-dairy/cid/14,17,Quaker Oats,29% OFF,"₹,186","₹,131",1 kg
Fruits & Vegetables,https://grofers.com/cn/fruits-vegetables/cid/9,23,Pumpkin,0,0,"₹,10",500 gm
Furnishing & Home Needs,https://grofers.com/cn/furnishing-home-needs/cid/1379,13,Grofers 2 Ply Kitchen Towel - Pack of 4,35% OFF,"₹,240","₹,156",4x60 units
"Noodles, Sauces & Instant Food",https://grofers.com/cn/noodles-sauces-instant-food/cid/15,9,Maggi Hot & Sweet Tomato Chilli Sauce,15% OFF,"₹,152","₹,129",1 kg
"Meats, Frozen & Seafood",https://grofers.com/cn/meats-frozen-seafood/cid/4,9,Best Value Boneless - Chicken Breast,29% OFF,"₹,380","₹,269",1 kg
Pet Care,https://grofers.com/cn/pet-care/cid/5,8,Pedigree Chicken & Vegetable Dry Food (Adult),10% OFF,"₹,1650","₹,1485",10 kg
Beverages,https://grofers.com/cn/beverages/cid/12,11,Brooke Bond Taj Mahal Tea (Carton),6% OFF,"₹,210","₹,197",500 gm
"Biscuits, Snacks & Chocolates",https://grofers.com/cn/biscuits-snacks-chocolates/cid/13,10,Haldiram's Aloo Bhujia Namkeen,14% OFF,"₹,87","₹,74",400 gm
Home & Kitchen,https://grofers.com/cn/home-kitchen/cid/1047,13,Princeware 1706-LT Plastic Dustpan (Assorted),59% OFF,"₹,47","₹,19",1 unit
Personal Care,https://grofers.com/cn/personal-care/cid/163,15,Dettol Deep Cleanse Soap - Free Dettol Original Hand Sanitizer (Bottle),23% OFF,"₹,332","₹,255",5x125gm + 50ml
Household Needs,https://grofers.com/cn/household-needs/cid/18,18,Brown Coconut,0,0,"₹,45",1 unit
Baby & Kids,https://grofers.com/cn/baby-kids/cid/7,12,Johnson's Baby Shampoo,32% OFF,"₹,307","₹,207",475 ml
Grocery & Staples,https://grofers.com/cn/grocery-staples/cid/16,28,Best Value Powder Black Salt,40% OFF,"₹,10","₹,6",100 gm
Breakfast & Dairy,https://grofers.com/cn/breakfast-dairy/cid/14,18,Kajri Muskmelon,0,0,"₹,50",1 unit (700-1100 gm)
Fruits & Vegetables,https://grofers.com/cn/fruits-vegetables/cid/9,24,Mint Leaves (Pudina),20% OFF,"₹,5","₹,4",100 gm
Furnishing & Home Needs,https://grofers.com/cn/furnishing-home-needs/cid/1379,14,SaveMore Cabana Stripe 400 GSM Cotton Terry Bath Towel (Lemon),62% OFF,"₹,399","₹,149",1 unit
"Noodles, Sauces & Instant Food",https://grofers.com/cn/noodles-sauces-instant-food/cid/15,10,Best Value Elbow Macaroni,6% OFF,"₹,60","₹,56",500 gm
"Meats, Frozen & Seafood",https://grofers.com/cn/meats-frozen-seafood/cid/4,10,Top Fresh Frozen Green Peas - Buy 1 Get 1 Free,50% OFF,"₹,170","₹,85",2x500 gm
Pet Care,https://grofers.com/cn/pet-care/cid/5,9,Pedigree Meat Jerky Barbecue Chicken Treat,6% OFF,"₹,120","₹,112",80 gm
Beverages,https://grofers.com/cn/beverages/cid/12,12,Brooke Bond Red Label Tea (Zip Lock),21% OFF,"₹,350","₹,276",1 kg
"Biscuits, Snacks & Chocolates",https://grofers.com/cn/biscuits-snacks-chocolates/cid/13,11,Parle Hide & Seek Fab Strawberry Choco Chip Creme Sandwich Cookie - Buy 2 Get 1 Free,33% OFF,"₹,75","₹,50",3x100 gm
Home & Kitchen,https://grofers.com/cn/home-kitchen/cid/1047,14,Shagun 2 In 1 S-79 Sponge Scrub (3 Pcs Set),42% OFF,"₹,50","₹,29",1 unit
Personal Care,https://grofers.com/cn/personal-care/cid/163,16,Pears Pure & Gentle Shower Gel,54% OFF,"₹,185","₹,84",250 ml
Household Needs,https://grofers.com/cn/household-needs/cid/18,19,Surf Excel Easy Wash Detergent Powder,14% OFF,"₹,448","₹,383",4 kg
Baby & Kids,https://grofers.com/cn/baby-kids/cid/7,13,Colgate Bubble Fruit Kids Toothpaste,14% OFF,"₹,35","₹,30",40 gm
Grocery & Staples,https://grofers.com/cn/grocery-staples/cid/16,29,Best Value Red Chilli Whole,48% OFF,"₹,35","₹,18",100 gm
Breakfast & Dairy,https://grofers.com/cn/breakfast-dairy/cid/14,19,Brown Coconut,0,0,"₹,45",1 unit
Fruits & Vegetables,https://grofers.com/cn/fruits-vegetables/cid/9,25,Lady Finger,14% OFF,"₹,50","₹,43",500 gm
Furnishing & Home Needs,https://grofers.com/cn/furnishing-home-needs/cid/1379,15,Gala Microfiber Duster (Blue),15% OFF,"₹,140","₹,119",1 unit
"Noodles, Sauces & Instant Food",https://grofers.com/cn/noodles-sauces-instant-food/cid/15,11,Bambino Roasted Vermicelli,10% OFF,"₹,50","₹,45",400 gm
"Meats, Frozen & Seafood",https://grofers.com/cn/meats-frozen-seafood/cid/4,11,Best Value White Eggs - Pack of 5,51% OFF,"₹,300","₹,145",5x6 units
Pet Care,https://grofers.com/cn/pet-care/cid/5,10,Pedigree Meat & Rice Dry Food (Adult),10% OFF,"₹,1650","₹,1485",10 kg
Beverages,https://grofers.com/cn/beverages/cid/12,13,Brooke Bond Red Label Natural Care Tea (Carton),26% OFF,"₹,240","₹,177",500 gm
"Biscuits, Snacks & Chocolates",https://grofers.com/cn/biscuits-snacks-chocolates/cid/13,12,Parle Hide & Seek Fab Vanilla Choco Chip Creme Sandwich Cookie - Buy 2 Get 1 Free,33% OFF,"₹,75","₹,50",3x100 gm
Home & Kitchen,https://grofers.com/cn/home-kitchen/cid/1047,15,Rajrani Grass Stick Broom,49% OFF,"₹,99","₹,50",1 unit
Personal Care,https://grofers.com/cn/personal-care/cid/163,17,Closeup Ever Fresh Red Hot Gel Toothpaste,20% OFF,"₹,153","₹,121",300 gm
Household Needs,https://grofers.com/cn/household-needs/cid/18,20,SaveMore Lime Dishwash Gel - Buy 1 Get 1 Free,50% OFF,"₹,330","₹,165",2x750 ml
Baby & Kids,https://grofers.com/cn/baby-kids/cid/7,14,Dettol Fresh Fragrance/Lime Fresh Disinfectant,32% OFF,"₹,165","₹,111",500 ml
Grocery & Staples,https://grofers.com/cn/grocery-staples/cid/16,30,Best Value Coriander Seeds/Dhania,51% OFF,"₹,60","₹,29",200 gm
Breakfast & Dairy,https://grofers.com/cn/breakfast-dairy/cid/14,20,Amul Garlic & Herbs Butter,10% OFF,"₹,47","₹,42",100 gm
Fruits & Vegetables,https://grofers.com/cn/fruits-vegetables/cid/9,26,Papaya,0,0,"₹,60",1 unit (1.5-2 kg)
Furnishing & Home Needs,https://grofers.com/cn/furnishing-home-needs/cid/1379,16,Orka Candy Beans Round Bean Bag Refill (White),37% OFF,"₹,399","₹,249",500 gm
"Noodles, Sauces & Instant Food",https://grofers.com/cn/noodles-sauces-instant-food/cid/15,12,Del Monte Tomato Ketchup (Pouch),43% OFF,"₹,125","₹,71",1 kg
"Meats, Frozen & Seafood",https://grofers.com/cn/meats-frozen-seafood/cid/4,12,Hen Fruit White Eggs (Large),36% OFF,"₹,55","₹,35",6 units
Pet Care,https://grofers.com/cn/pet-care/cid/5,11,Pedigree Chicken & Vegetables Dry Food (Adult),10% OFF,"₹,1050","₹,945",6 kg
Beverages,https://grofers.com/cn/beverages/cid/12,14,Thums Up Soft Drink (Bottle),8% OFF,"₹,35","₹,32",600 ml
"Biscuits, Snacks & Chocolates",https://grofers.com/cn/biscuits-snacks-chocolates/cid/13,13,Oreo Choco Creme Biscuit - Buy 4 Get 1 Free,20% OFF,"₹,150","₹,120",5x120 gm
Home & Kitchen,https://grofers.com/cn/home-kitchen/cid/1047,16,Grofers 2 Ply Kitchen Towel - Pack of 4,35% OFF,"₹,240","₹,156",4x60 units
Personal Care,https://grofers.com/cn/personal-care/cid/163,18,Colgate Strong Teeth Toothpaste,10% OFF,"₹,168","₹,151",500 gm
Household Needs,https://grofers.com/cn/household-needs/cid/18,21,Vim Lemon Dishwash Bar - Pack of 4,5% OFF,"₹,40","₹,38",4x120 gm
Baby & Kids,https://grofers.com/cn/baby-kids/cid/7,15,Johnson's Milk Baby Soap,8% OFF,"₹,45","₹,41",75 gm
Grocery & Staples,https://grofers.com/cn/grocery-staples/cid/16,31,Best Value Methi Seeds,59% OFF,"₹,22","₹,9",100 gm
Breakfast & Dairy,https://grofers.com/cn/breakfast-dairy/cid/14,21,Amul Cheese Slices,5% OFF,"₹,118","₹,112",200 gm
Fruits & Vegetables,https://grofers.com/cn/fruits-vegetables/cid/9,27,Desi Tomato,0,0,"₹,25",1 kg
Furnishing & Home Needs,https://grofers.com/cn/furnishing-home-needs/cid/1379,17,Classic Premium Kitchen Tissue Roll,26% OFF,"₹,75","₹,55",1 unit
"Noodles, Sauces & Instant Food",https://grofers.com/cn/noodles-sauces-instant-food/cid/15,13,Top Fresh Frozen Green Peas - Buy 1 Get 1 Free,50% OFF,"₹,170","₹,85",2x500 gm
"Meats, Frozen & Seafood",https://grofers.com/cn/meats-frozen-seafood/cid/4,13,Best Value Boneless - Chicken Breast,27% OFF,"₹,200","₹,145",500 gm
Pet Care,https://grofers.com/cn/pet-care/cid/5,12,Pedigree Chicken in Jelly Wet Food (Adult),6% OFF,"₹,150","₹,140",400 gm
Beverages,https://grofers.com/cn/beverages/cid/12,15,Limca Soft Drink (Bottle),6% OFF,"₹,60","₹,56",1.25 lt
"Biscuits, Snacks & Chocolates",https://grofers.com/cn/biscuits-snacks-chocolates/cid/13,14,Britannia Marie Gold Biscuit - Pack of 3,6% OFF,"₹,30","₹,28",3x68 gm
Home & Kitchen,https://grofers.com/cn/home-kitchen/cid/1047,17,"Princeware 2621 P Printed Mug (1 lt, Assorted)",57% OFF,"₹,45","₹,19",1 unit
Personal Care,https://grofers.com/cn/personal-care/cid/163,19,Cinthol Fresh Lime Soap - Buy 4 Get 1 Free,15% OFF,"₹,108","₹,91",5x100 gm
Household Needs,https://grofers.com/cn/household-needs/cid/18,22,Home Foil Aluminium Foil - Buy 1 Get 1 Free,50% OFF,"₹,258","₹,129",2x21 m
Baby & Kids,https://grofers.com/cn/baby-kids/cid/7,16,Himalaya Baby Lotion,25% OFF,"₹,240","₹,180",400 ml
Grocery & Staples,https://grofers.com/cn/grocery-staples/cid/16,32,Best Value Sabut Green Moong Dal,31% OFF,"₹,120","₹,82",1 kg
Breakfast & Dairy,https://grofers.com/cn/breakfast-dairy/cid/14,22,Pomegranate (Anaar),25% OFF,"₹,300","₹,225",6 units (1.1-1.4 kg)
Fruits & Vegetables,https://grofers.com/cn/fruits-vegetables/cid/9,28,Beetroot (Chukandar),0,0,"₹,10",250 gm
Furnishing & Home Needs,https://grofers.com/cn/furnishing-home-needs/cid/1379,18,Rio Floor Cotton Yarn Duster,10% OFF,"₹,49","₹,44",1 unit
"Noodles, Sauces & Instant Food",https://grofers.com/cn/noodles-sauces-instant-food/cid/15,14,Kissan Mixed Fruit Jam,6% OFF,"₹,60","₹,56",200 gm
"Meats, Frozen & Seafood",https://grofers.com/cn/meats-frozen-seafood/cid/4,14,Best Value Boneless (Diced) - Chicken Breast,0,0,"₹,155",500 gm
Pet Care,https://grofers.com/cn/pet-care/cid/5,13,Pedigree Jumbone Chicken & Rice Chew Bar Treat (M),15% OFF,"₹,120","₹,102",200 gm
Beverages,https://grofers.com/cn/beverages/cid/12,16,Brooke Bond Red Label Tea (Carton),6% OFF,"₹,95","₹,89",250 gm
"Biscuits, Snacks & Chocolates",https://grofers.com/cn/biscuits-snacks-chocolates/cid/13,15,Lijjat Punjabi Masala Papad,10% OFF,"₹,60","₹,54",200 gm
Home & Kitchen,https://grofers.com/cn/home-kitchen/cid/1047,18,A One Garbage Bag (Medium),15% OFF,"₹,165","₹,139",120 units
Personal Care,https://grofers.com/cn/personal-care/cid/163,20,Stayfree Dry Max All Night Sanitary Napkin (Extra Large Wings),36% OFF,"₹,330","₹,208",28 units
Household Needs,https://grofers.com/cn/household-needs/cid/18,23,Vim Lemon Dishwash Gel (Bottle) - Pack of 2,20% OFF,"₹,310","₹,248",2x750 ml
Baby & Kids,https://grofers.com/cn/baby-kids/cid/7,17,Himalaya Gentle Baby Shampoo,21% OFF,"₹,260","₹,203",400 ml
Grocery & Staples,https://grofers.com/cn/grocery-staples/cid/16,33,Best Value Black Peppercorns/Kali Mirch,37% OFF,"₹,145","₹,90",100 gm
Breakfast & Dairy,https://grofers.com/cn/breakfast-dairy/cid/14,23,Yakult Probiotic Health Drink,0,0,"₹,60",5x65 ml
Fruits & Vegetables,https://grofers.com/cn/fruits-vegetables/cid/9,29,Ooty Carrot,0,0,"₹,18",500 gm
Furnishing & Home Needs,https://grofers.com/cn/furnishing-home-needs/cid/1379,19,Eurospa Elegance 6 Pcs 100% Cotton Face Towel Set (Magenta),60% OFF,"₹,199","₹,79",1 unit
"Noodles, Sauces & Instant Food",https://grofers.com/cn/noodles-sauces-instant-food/cid/15,15,Bambino Pep Elbows Macaroni,6% OFF,"₹,43","₹,40",400 gm
"Meats, Frozen & Seafood",https://grofers.com/cn/meats-frozen-seafood/cid/4,15,Top Fresh Sweet Corn - Buy 1 Get 1 Free,50% OFF,"₹,180","₹,90",2x500 gm
Pet Care,https://grofers.com/cn/pet-care/cid/5,14,Pedigree 7 Pcs Dentastix Small Breed Treat,6% OFF,"₹,120","₹,112",110 gm
Beverages,https://grofers.com/cn/beverages/cid/12,17,Real Fruit Power Mixed Fruit Juice - Pack of 6,16% OFF,"₹,120","₹,100",6x200 ml
"Biscuits, Snacks & Chocolates",https://grofers.com/cn/biscuits-snacks-chocolates/cid/13,16,Haldiram's Bhelpuri Namkeen,7% OFF,"₹,42","₹,39",200 gm
Home & Kitchen,https://grofers.com/cn/home-kitchen/cid/1047,19,Rio Grass Broom,10% OFF,"₹,120","₹,108",1 unit
Personal Care,https://grofers.com/cn/personal-care/cid/163,21,Dettol Antiseptic Liquid,0,0,"₹,133",500 ml
Household Needs,https://grofers.com/cn/household-needs/cid/18,24,SaveMore Citrus Floor Cleaner - Buy 1 Get 1 Free,50% OFF,"₹,316","₹,158",2x1 lt
Baby & Kids,https://grofers.com/cn/baby-kids/cid/7,18,Colgate Barbie Strawberry Baby Toothpaste,15% OFF,"₹,79","₹,67",80 gm
Grocery & Staples,https://grofers.com/cn/grocery-staples/cid/16,34,Aashirvaad Shudh Chakki Whole Wheat Atta,13% OFF,"₹,330","₹,284",10 kg
Breakfast & Dairy,https://grofers.com/cn/breakfast-dairy/cid/14,24,Best Value Big Sabudana,17% OFF,"₹,70","₹,58",500 gm
Fruits & Vegetables,https://grofers.com/cn/fruits-vegetables/cid/9,30,Garlic (Lehsun),20% OFF,"₹,20","₹,16",200 gm
Furnishing & Home Needs,https://grofers.com/cn/furnishing-home-needs/cid/1379,20,Ruby Kitchen Cleaner Duster,6% OFF,"₹,60","₹,56",3 units
"Noodles, Sauces & Instant Food",https://grofers.com/cn/noodles-sauces-instant-food/cid/15,16,Best Value Vermicelli,6% OFF,"₹,50","₹,47",500 gm
"Meats, Frozen & Seafood",https://grofers.com/cn/meats-frozen-seafood/cid/4,16,Best Value Surmai (Steak) - Fish,5% OFF,"₹,315","₹,299",500 gm
Pet Care,https://grofers.com/cn/pet-care/cid/5,15,Pedigree Chicken Chunks in Gravy Wet Food (Puppy),6% OFF,"₹,30","₹,28",80 gm
Beverages,https://grofers.com/cn/beverages/cid/12,18,Maaza Mango Fruit Drink (Bottle),7% OFF,"₹,65","₹,60",1.2 lt
"Biscuits, Snacks & Chocolates",https://grofers.com/cn/biscuits-snacks-chocolates/cid/13,17,Glonuts Giri Walnuts,44% OFF,"₹,349","₹,194",200 gm
Home & Kitchen,https://grofers.com/cn/home-kitchen/cid/1047,20,Rio Plastic Sticks Broom,10% OFF,"₹,99","₹,89",1 unit
Personal Care,https://grofers.com/cn/personal-care/cid/163,22,Whisper Choice Sanitary Napkin,8% OFF,"₹,34","₹,31",8 units
Household Needs,https://grofers.com/cn/household-needs/cid/18,25,Tide Plus Extra Power Jasmine & Rose Detergent Powder,16% OFF,"₹,574","₹,480",6 kg
Baby & Kids,https://grofers.com/cn/baby-kids/cid/7,19,Colgate Extra Soft Green Kids Toothbrush (0 - 2 Years),14% OFF,"₹,28","₹,24",1 unit
Grocery & Staples,https://grofers.com/cn/grocery-staples/cid/16,35,Fortune Soya Health Refined Soyabean Oil (Pouch),25% OFF,"₹,120","₹,89",1 lt
Breakfast & Dairy,https://grofers.com/cn/breakfast-dairy/cid/14,25,Kissan Mixed Fruit Jam,6% OFF,"₹,60","₹,56",200 gm
Fruits & Vegetables,https://grofers.com/cn/fruits-vegetables/cid/9,31,Sapota (Chikoo),18% OFF,"₹,50","₹,41",500 gm
Furnishing & Home Needs,https://grofers.com/cn/furnishing-home-needs/cid/1379,21,Classic Kitchen Towel (Pack Of 2),26% OFF,"₹,140","₹,103",1 unit
"Noodles, Sauces & Instant Food",https://grofers.com/cn/noodles-sauces-instant-food/cid/15,17,Maggi Rich Tomato Ketchup,6% OFF,"₹,147","₹,138",1 kg
"Meats, Frozen & Seafood",https://grofers.com/cn/meats-frozen-seafood/cid/4,17,Best Value Rings (Cleaned) - Squid,0,"₹,370","₹,359",500 gm
Pet Care,https://grofers.com/cn/pet-care/cid/5,16,Whiskas Tuna in Jelly Wet Food (Adult) - Pack of 6,6% OFF,"₹,180","₹,169",6x85 gm
Beverages,https://grofers.com/cn/beverages/cid/12,19,Cadbury Bournvita Pro-Health Chocolate Health Drink (Refill),6% OFF,"₹,199","₹,187",500 gm
"Biscuits, Snacks & Chocolates",https://grofers.com/cn/biscuits-snacks-chocolates/cid/13,18,Parle Premium Real Elaichi Rusk - Pack of 2,10% OFF,"₹,60","₹,54",2x200 gm
Home & Kitchen,https://grofers.com/cn/home-kitchen/cid/1047,21,Shagun S-400 Grass Broom,46% OFF,"₹,109","₹,58",1 unit
Personal Care,https://grofers.com/cn/personal-care/cid/163,23,Patanjali Dant Kanti Regular Toothpaste,0,0,"₹,40",100 gm
Household Needs,https://grofers.com/cn/household-needs/cid/18,26,"Grofers Medium Garbage Bag (19x21"")",25% OFF,"₹,60","₹,45",30 units
Baby & Kids,https://grofers.com/cn/baby-kids/cid/7,20,Patanjali Junior Baby Toothbrush,0,0,"₹,15",1 unit
Grocery & Staples,https://grofers.com/cn/grocery-staples/cid/16,36,Tata Salt,10% OFF,"₹,19","₹,17",1 kg
Breakfast & Dairy,https://grofers.com/cn/breakfast-dairy/cid/14,26,Mother Dairy Curd (Polypack),0,0,"₹,25",400 gm
Fruits & Vegetables,https://grofers.com/cn/fruits-vegetables/cid/9,32,Colocasia (Arbi),0,0,"₹,18",250 gm
Furnishing & Home Needs,https://grofers.com/cn/furnishing-home-needs/cid/1379,22,Paseo Elegant 2 Ply Printed Kitchen Towel (60 Pulls),5% OFF,"₹,155","₹,146",60 units
"Noodles, Sauces & Instant Food",https://grofers.com/cn/noodles-sauces-instant-food/cid/15,18,Bambino Popular Vermicelli,10% OFF,"₹,70","₹,63",875 gm
"Meats, Frozen & Seafood",https://grofers.com/cn/meats-frozen-seafood/cid/4,18,Best Value Keema - Mutton,34% OFF,"₹,360","₹,235",500 gm
Pet Care,https://grofers.com/cn/pet-care/cid/5,17,Whiskas Tuna in Jelly Wet Food (Kitten) - Pack of 6,6% OFF,"₹,180","₹,169",6x85 gm
Beverages,https://grofers.com/cn/beverages/cid/12,20,Wagh Bakri Premium Tea (Pouch),6% OFF,"₹,100","₹,94",250 gm
"Biscuits, Snacks & Chocolates",https://grofers.com/cn/biscuits-snacks-chocolates/cid/13,19,Parle Hide & Seek Chocolate Chip Cookie,6% OFF,"₹,30","₹,28",120 gm
Home & Kitchen,https://grofers.com/cn/home-kitchen/cid/1047,22,Shagun SW-121 Wiper,41% OFF,"₹,149","₹,87",1 unit
Personal Care,https://grofers.com/cn/personal-care/cid/163,24,Himalaya Purifying Neem Face Wash,0,"₹,146","₹,139",150 ml
Household Needs,https://grofers.com/cn/household-needs/cid/18,27,Surf Excel Stain Eraser Detergent Bar,13% OFF,"₹,86","₹,74",4x200 gm
Baby & Kids,https://grofers.com/cn/baby-kids/cid/7,21,Himalaya Gentle Baby Wash,24% OFF,"₹,215","₹,163",400 ml
Grocery & Staples,https://grofers.com/cn/grocery-staples/cid/16,37,Fortune Premium Kachi Ghani Pure Mustard Oil (Bottle),27% OFF,"₹,142","₹,103",1 lt
Breakfast & Dairy,https://grofers.com/cn/breakfast-dairy/cid/14,27,Ananda Paneer,0,"₹,70","₹,69",200 gm
Fruits & Vegetables,https://grofers.com/cn/fruits-vegetables/cid/9,33,Bottle Gourd (Lauki),0,0,"₹,9",1 unit (400-600 gm)
Furnishing & Home Needs,https://grofers.com/cn/furnishing-home-needs/cid/1379,23,"Rupa Torrido Thermal Bottom (Medium, 85 cm, Dark Grey)",36% OFF,"₹,406","₹,259","Dark Grey, 85 cm"
"Noodles, Sauces & Instant Food",https://grofers.com/cn/noodles-sauces-instant-food/cid/15,19,Patanjali Honey,0,0,"₹,135",500 ml
"Meats, Frozen & Seafood",https://grofers.com/cn/meats-frozen-seafood/cid/4,19,Best Value Seekh Kebab (Malai) - Chicken,0,"₹,225","₹,220",500 gm
Pet Care,https://grofers.com/cn/pet-care/cid/5,18,Pedigree Chicken & Liver Chunks in Gravy Wet Food (Adult),6% OFF,"₹,30","₹,28",80 gm
Beverages,https://grofers.com/cn/beverages/cid/12,21,Paper Boat Aamras Fruit Drink,30% OFF,"₹,99","₹,69",1 lt
"Biscuits, Snacks & Chocolates",https://grofers.com/cn/biscuits-snacks-chocolates/cid/13,20,Bingo Mad Angles Achaari Masti Chips,5% OFF,"₹,20","₹,19",90 gm
Home & Kitchen,https://grofers.com/cn/home-kitchen/cid/1047,23,Ruby Floor Cloth,6% OFF,"₹,60","₹,56",2 units
Personal Care,https://grofers.com/cn/personal-care/cid/163,25,Nivea Men Fresh Active Original Men's Deodorant,30% OFF,"₹,190","₹,133",150 ml
Household Needs,https://grofers.com/cn/household-needs/cid/18,28,Colin 2x More Shine Glass Cleaner - Pack of 2,20% OFF,"₹,158","₹,126",2x500 ml
Baby & Kids,https://grofers.com/cn/baby-kids/cid/7,22,Nestle NAN Pro 2 Follow-Up Infant Formula (6 months+),0,0,"₹,530",400 gm
Grocery & Staples,https://grofers.com/cn/grocery-staples/cid/16,38,Milkfood Pure Ghee (Tetra Pak),22% OFF,"₹,450","₹,351",1 lt
Breakfast & Dairy,https://grofers.com/cn/breakfast-dairy/cid/14,28,Kinnaur Apple,15% OFF,"₹,200","₹,170",1-1.4 kg
Fruits & Vegetables,https://grofers.com/cn/fruits-vegetables/cid/9,34,Green Chilli,25% OFF,"₹,20","₹,15",200 gm
Furnishing & Home Needs,https://grofers.com/cn/furnishing-home-needs/cid/1379,24,SHL 120 TC Abstract Polycotton Double Bedsheet Set (Multicolour) - DBS02,50% OFF,"₹,599","₹,299",1 unit
"Noodles, Sauces & Instant Food",https://grofers.com/cn/noodles-sauces-instant-food/cid/15,20,Cremica Tomato Ketchup (Squeeze Pack),36% OFF,"₹,125","₹,80",1 kg
"Meats, Frozen & Seafood",https://grofers.com/cn/meats-frozen-seafood/cid/4,20,Best Value Keema - Chicken,25% OFF,"₹,200","₹,149",500 gm
Pet Care,https://grofers.com/cn/pet-care/cid/5,19,Whiskas Tuna in Jelly Wet Food (Adult),6% OFF,"₹,30","₹,28",85 gm
Beverages,https://grofers.com/cn/beverages/cid/12,22,Amul Masti Spiced Buttermilk (Tetra Pak) - Pack of 2,0,"₹,24","₹,23",2x200 ml
"Biscuits, Snacks & Chocolates",https://grofers.com/cn/biscuits-snacks-chocolates/cid/13,21,Haldiram's Nut Cracker Namkeen,6% OFF,"₹,45","₹,42",200 gm
Home & Kitchen,https://grofers.com/cn/home-kitchen/cid/1047,24,Gala Microfiber Duster (Blue),15% OFF,"₹,140","₹,119",1 unit
Personal Care,https://grofers.com/cn/personal-care/cid/163,26,Patanjali Saundarya Aloe Vera Face Gel,0,0,"₹,80",150 ml
Household Needs,https://grofers.com/cn/household-needs/cid/18,29,Scotch Brite Scrub Pad,5% OFF,"₹,40","₹,38",3 units
Baby & Kids,https://grofers.com/cn/baby-kids/cid/7,23,Himalaya Refreshing Baby Soap,6% OFF,"₹,60","₹,56",125 gm
Grocery & Staples,https://grofers.com/cn/grocery-staples/cid/16,39,Rajdhani Sooji/Rava,12% OFF,"₹,32","₹,28",500 gm
Breakfast & Dairy,https://grofers.com/cn/breakfast-dairy/cid/14,29,Sun Melon (Sarda),0,0,"₹,60",1 unit (800-1100 gm)
Fruits & Vegetables,https://grofers.com/cn/fruits-vegetables/cid/9,35,Kakdi,20% OFF,"₹,15","₹,12",500 gm
Furnishing & Home Needs,https://grofers.com/cn/furnishing-home-needs/cid/1379,25,"Orka Classic Teardrop Bean Bag Cover without Beans (XL, Blue & Black) + Styleco Round Bean Bag Refill Combo",61% OFF,"₹,2097","₹,799",1unit + 2x500gm
"Noodles, Sauces & Instant Food",https://grofers.com/cn/noodles-sauces-instant-food/cid/15,21,Maggi Vegetable Atta Noodles - Pack of 2,5% OFF,"₹,38","₹,36",2x75 gm
"Meats, Frozen & Seafood",https://grofers.com/cn/meats-frozen-seafood/cid/4,21,Best Value Drumstick - Chicken,19% OFF,"₹,345","₹,279",1 kg
Pet Care,https://grofers.com/cn/pet-care/cid/5,20,Whiskas Chicken in Gravy Wet Food (Adult),6% OFF,"₹,30","₹,28",85 gm
Beverages,https://grofers.com/cn/beverages/cid/12,23,Real Activ 100% Tender Coconut Water - Pack of 5,13% OFF,"₹,200","₹,174",5x200 ml
"Biscuits, Snacks & Chocolates",https://grofers.com/cn/biscuits-snacks-chocolates/cid/13,22,Glonuts W320 Cashews,36% OFF,"₹,800","₹,509",500 gm
Home & Kitchen,https://grofers.com/cn/home-kitchen/cid/1047,25,"Princeware 1175 P New Frosty Plain Bucket (5 lt, Assorted)",55% OFF,"₹,100","₹,45",1 unit
Personal Care,https://grofers.com/cn/personal-care/cid/163,27,Colgate Zig Zag Toothbrush (Soft) - Buy 2 Get 1 Free,20% OFF,"₹,50","₹,40",3 units
Household Needs,https://grofers.com/cn/household-needs/cid/18,30,Patanjali Neem Fresh Rose Detergent Powder,0,0,"₹,50",1 kg
Baby & Kids,https://grofers.com/cn/baby-kids/cid/7,24,Nestle Cerelac Multigrain Dal Veg Stage 4 Fortified Baby Cereal (12 months+),0,0,"₹,230",300 gm
Grocery & Staples,https://grofers.com/cn/grocery-staples/cid/16,40,Best Value Saunf Seeds,47% OFF,"₹,95","₹,50",200 gm
Breakfast & Dairy,https://grofers.com/cn/breakfast-dairy/cid/14,30,Best Value White Eggs - Pack of 5,51% OFF,"₹,300","₹,145",5x6 units
Fruits & Vegetables,https://grofers.com/cn/fruits-vegetables/cid/9,36,Broccoli,0,0,"₹,60",500-700 gm
Furnishing & Home Needs,https://grofers.com/cn/furnishing-home-needs/cid/1379,26,"Orka Classic Teardrop Bean Bag Cover without Beans (XL, Blue) + Styleco Round Bean Bag Refill Combo",61% OFF,"₹,2097","₹,799",1unit + 2x500gm
"Noodles, Sauces & Instant Food",https://grofers.com/cn/noodles-sauces-instant-food/cid/15,22,Ching's Secret Veg Hakka Noodles - Pack of 2,6% OFF,"₹,50","₹,47",2x150 gm
"Meats, Frozen & Seafood",https://grofers.com/cn/meats-frozen-seafood/cid/4,22,Best Value Curry Cut - Mutton,33% OFF,"₹,695","₹,459",1 kg
Pet Care,https://grofers.com/cn/pet-care/cid/5,21,Whiskas Tuna in Jelly Wet Food (Kitten),15% OFF,"₹,180","₹,153",6x85 gm
Beverages,https://grofers.com/cn/beverages/cid/12,24,Nescafe Classic Coffee (Pouch),5% OFF,"₹,440","₹,414",200 gm
"Biscuits, Snacks & Chocolates",https://grofers.com/cn/biscuits-snacks-chocolates/cid/13,23,Parle Monaco Light Salty Classic Regular Biscuit - Pack of 2,6% OFF,"₹,50","₹,47",2x150 gm
Home & Kitchen,https://grofers.com/cn/home-kitchen/cid/1047,26,All Time 1 Piece Assorted Round Tea Plastic Strainer,26% OFF,"₹,15","₹,11",1 unit
Personal Care,https://grofers.com/cn/personal-care/cid/163,28,Whisper Choice Ultra Sanitary Napkin (Extra Large Wings),8% OFF,"₹,135","₹,124",20 units
Household Needs,https://grofers.com/cn/household-needs/cid/18,31,Gainda White Phenyl,20% OFF,"₹,200","₹,160",5 lt
Baby & Kids,https://grofers.com/cn/baby-kids/cid/7,25,Colgate Spiderman Baby Toothpaste,15% OFF,"₹,79","₹,67",80 gm
Grocery & Staples,https://grofers.com/cn/grocery-staples/cid/16,41,Rajdhani Besan,12% OFF,"₹,50","₹,44",500 gm
Breakfast & Dairy,https://grofers.com/cn/breakfast-dairy/cid/14,31,Hen Fruit White Eggs (Large),36% OFF,"₹,55","₹,35",6 units
Fruits & Vegetables,https://grofers.com/cn/fruits-vegetables/cid/9,37,Robusta Banana,8% OFF,"₹,48","₹,44",6 units
Furnishing & Home Needs,https://grofers.com/cn/furnishing-home-needs/cid/1379,27,"Sattva Bean Bag Cover Combo with Beans (XXL, Black)",77% OFF,"₹,4346","₹,999",XXL
"Noodles, Sauces & Instant Food",https://grofers.com/cn/noodles-sauces-instant-food/cid/15,23,Dabur Squeezy Honey - Buy 1 Get 1 Free,0,0,"₹,245",400 gm+400 gm
"Meats, Frozen & Seafood",https://grofers.com/cn/meats-frozen-seafood/cid/4,23,Catch Chicken Masala,20% OFF,"₹,65","₹,52",100 gm
Pet Care,https://grofers.com/cn/pet-care/cid/5,22,Pedigree Meat Jerky Roasted Lamb Treat,6% OFF,"₹,120","₹,112",80 gm
Beverages,https://grofers.com/cn/beverages/cid/12,25,Sprite Soft Drink (Bottle),8% OFF,"₹,35","₹,32",600 ml
"Biscuits, Snacks & Chocolates",https://grofers.com/cn/biscuits-snacks-chocolates/cid/13,24,Best Value Raw Peanuts,11% OFF,"₹,90","₹,80",500 gm
Home & Kitchen,https://grofers.com/cn/home-kitchen/cid/1047,27,Vinayak Stainless Steel 6 Pcs Spoon Set (Silver),60% OFF,"₹,149","₹,59",1 unit
Personal Care,https://grofers.com/cn/personal-care/cid/163,29,Colgate Herbal Toothpaste,32% OFF,"₹,88","₹,59",200 gm
Household Needs,https://grofers.com/cn/household-needs/cid/18,32,Freshwrapp Aluminium Foil - Buy 1 Get 1 Free,0,0,"₹,67",2x50 gm
Baby & Kids,https://grofers.com/cn/baby-kids/cid/7,26,Pampers Baby Dry Pants Diaper (S) - Pack of 60,20% OFF,"₹,674","₹,539",60 units
Grocery & Staples,https://grofers.com/cn/grocery-staples/cid/16,42,Catch Turmeric Powder/Haldi,19% OFF,"₹,52","₹,42",200 gm
Breakfast & Dairy,https://grofers.com/cn/breakfast-dairy/cid/14,32,Amul Malai Paneer (Pouch),7% OFF,"₹,66","₹,61",200 gm
Fruits & Vegetables,https://grofers.com/cn/fruits-vegetables/cid/9,38,French Beans,15% OFF,"₹,60","₹,51",1 kg
Furnishing & Home Needs,https://grofers.com/cn/furnishing-home-needs/cid/1379,28,"Sattva Bean Bag Cover Combo with Beans (XXXL, Black & Brown)",77% OFF,"₹,5745","₹,1299",XXXL
"Noodles, Sauces & Instant Food",https://grofers.com/cn/noodles-sauces-instant-food/cid/15,24,Heinz Tomato Ketchup (Bottle),9% OFF,"₹,165","₹,149",900 gm
"Meats, Frozen & Seafood",https://grofers.com/cn/meats-frozen-seafood/cid/4,24,Hen Fruit White Strong Eggs (Large),28% OFF,"₹,110","₹,79",10 units
Pet Care,https://grofers.com/cn/pet-care/cid/5,23,Pedigree 7 Pcs Dentastix Small Breed Treat - Pack of 2,10% OFF,"₹,240","₹,216",2x110 gm
Beverages,https://grofers.com/cn/beverages/cid/12,26,Real Fruit Power Litchi Juice - Pack of 2,20% OFF,"₹,198","₹,158",2x1 lt
"Biscuits, Snacks & Chocolates",https://grofers.com/cn/biscuits-snacks-chocolates/cid/13,25,Haldiram's Boondi Namkeen - Pack of 2,5% OFF,"₹,88","₹,83",2x200 gm
Home & Kitchen,https://grofers.com/cn/home-kitchen/cid/1047,28,Gala Kharata Plastic Sticks Broom,23% OFF,"₹,85","₹,65",1 unit
Personal Care,https://grofers.com/cn/personal-care/cid/163,30,Stayfree Secure Cottony Soft Sanitary Napkin (Regular Wings),6% OFF,"₹,75","₹,70",20 units
Household Needs,https://grofers.com/cn/household-needs/cid/18,33,Surf Excel Matic Front Load Detergent Powder (Carton) - Buy 2 Get 1 Free,33% OFF,"₹,1395","₹,930",3x2 kg
Baby & Kids,https://grofers.com/cn/baby-kids/cid/7,27,Himalaya Gentle Baby Wipes,24% OFF,"₹,185","₹,139",72 units
Grocery & Staples,https://grofers.com/cn/grocery-staples/cid/16,43,Best Value Wheat Daliya,48% OFF,"₹,35","₹,18",500 gm
Breakfast & Dairy,https://grofers.com/cn/breakfast-dairy/cid/14,33,Red Delicious Apple - Imported,25% OFF,"₹,300","₹,225",8 units
Fruits & Vegetables,https://grofers.com/cn/fruits-vegetables/cid/9,39,Radish,0,0,"₹,18",1 kg
Furnishing & Home Needs,https://grofers.com/cn/furnishing-home-needs/cid/1379,29,"Sattva Bean Bag Cover Combo with Beans (XXXL, Black & Red)",77% OFF,"₹,5745","₹,1299",XXXL
"Noodles, Sauces & Instant Food",https://grofers.com/cn/noodles-sauces-instant-food/cid/15,25,Hershey's Chocolate Syrup,5% OFF,"₹,90","₹,85",200 gm
"Meats, Frozen & Seafood",https://grofers.com/cn/meats-frozen-seafood/cid/4,25,Best Value Seekh Kebab - Mutton,23% OFF,"₹,360","₹,275",500 gm
Pet Care,https://grofers.com/cn/pet-care/cid/5,24,Pedigree Dentastix Medium Breed Treat (7 Pcs),6% OFF,"₹,150","₹,140",180 gm
Beverages,https://grofers.com/cn/beverages/cid/12,27,Brooke Bond Taaza Tea (Pouch),5% OFF,"₹,55","₹,52",250 gm
"Biscuits, Snacks & Chocolates",https://grofers.com/cn/biscuits-snacks-chocolates/cid/13,26,McVitie's Digestive Biscuit - Buy 4 Get 1 Free,0,0,"₹,80",5x100 gm
Home & Kitchen,https://grofers.com/cn/home-kitchen/cid/1047,29,Aravi Floor Cloth (Assorted) - Set of 2,62% OFF,"₹,120","₹,45",1 unit
Personal Care,https://grofers.com/cn/personal-care/cid/163,31,Khadi India Aloe Vera Kesar Moisturizing Face Gel,5% OFF,"₹,180","₹,171",200 ml
Household Needs,https://grofers.com/cn/household-needs/cid/18,34,Surf Excel Matic Top Load Detergent Powder (Carton) - Buy 2 Get 1 Free,33% OFF,"₹,1260","₹,840",3x2 kg
Baby & Kids,https://grofers.com/cn/baby-kids/cid/7,28,Himalaya Baby Cream,5% OFF,"₹,121","₹,114",100 ml
Grocery & Staples,https://grofers.com/cn/grocery-staples/cid/16,44,Pansari Shudh Kachi Ghani Mustard Oil,37% OFF,"₹,135","₹,84",1 lt
Breakfast & Dairy,https://grofers.com/cn/breakfast-dairy/cid/14,34,Kellogg's Crunchy Fruit & Nut Muesli (Carton),5% OFF,"₹,285","₹,268",500 gm
Fruits & Vegetables,https://grofers.com/cn/fruits-vegetables/cid/9,40,Sponge Gourd,0,0,"₹,40",500 gm
Furnishing & Home Needs,https://grofers.com/cn/furnishing-home-needs/cid/1379,30,"Sattva Bean Bag Cover Combo with Beans (XXXL, Blue)",77% OFF,"₹,5695","₹,1299",XXXL
"Noodles, Sauces & Instant Food",https://grofers.com/cn/noodles-sauces-instant-food/cid/15,26,Bambino Premium Penne Pasta,6% OFF,"₹,79","₹,74",500 gm
"Meats, Frozen & Seafood",https://grofers.com/cn/meats-frozen-seafood/cid/4,26,Best Value Seekh Kabab - Chicken,13% OFF,"₹,255","₹,220",500 gm
Pet Care,https://grofers.com/cn/pet-care/cid/5,25,Pedigree Chicken In Gravy Wet Food (Puppy),6% OFF,"₹,150","₹,140",400 gm
Beverages,https://grofers.com/cn/beverages/cid/12,28,Real Fruit Power Mixed Fruit Juice,15% OFF,"₹,99","₹,84",1 lt
"Biscuits, Snacks & Chocolates",https://grofers.com/cn/biscuits-snacks-chocolates/cid/13,27,Parle Krackjack Sweet & Salty Crackers Biscuit - Pack of 2,6% OFF,"₹,50","₹,47",2x200 gm
Home & Kitchen,https://grofers.com/cn/home-kitchen/cid/1047,30,"Princeware 2602 P Wave Printed Mug (1.5 lt, Assorted)",57% OFF,"₹,70","₹,30",1 unit
Personal Care,https://grofers.com/cn/personal-care/cid/163,32,Khadi India Aloe Vera Moisturizing Face Gel,5% OFF,"₹,180","₹,171",200 ml
Household Needs,https://grofers.com/cn/household-needs/cid/18,35,Surf Excel Matic Top Load Detergent Powder (Carton),32% OFF,"₹,420","₹,283",2 kg
Baby & Kids,https://grofers.com/cn/baby-kids/cid/7,29,Johnson's with Avocado & Pro Vitamin B5 Baby Hair Oil,9% OFF,"₹,105","₹,95",200 ml
Grocery & Staples,https://grofers.com/cn/grocery-staples/cid/16,45,Arhar Dal/Toor Dal,33% OFF,"₹,90","₹,60",1 kg
Breakfast & Dairy,https://grofers.com/cn/breakfast-dairy/cid/14,35,Patanjali Honey,0,0,"₹,135",500 ml
Fruits & Vegetables,https://grofers.com/cn/fruits-vegetables/cid/9,41,New Potato-Onion-Tomato(Hybrid),5% OFF,"₹,95","₹,90",2 kg+2 kg+1 kg
Furnishing & Home Needs,https://grofers.com/cn/furnishing-home-needs/cid/1379,31,"Sattva Bean Bag Cover Combo with Beans (XXL, Brown)",77% OFF,"₹,4346","₹,999",XXL
"Noodles, Sauces & Instant Food",https://grofers.com/cn/noodles-sauces-instant-food/cid/15,27,MTR Rava Idli Breakfast Mix,6% OFF,"₹,95","₹,89",500 gm
"Meats, Frozen & Seafood",https://grofers.com/cn/meats-frozen-seafood/cid/4,27,Best Value Boneless - Chicken Thigh,32% OFF,"₹,485","₹,325",1 kg
Pet Care,https://grofers.com/cn/pet-care/cid/5,26,Whiskas Chicken in Gravy Wet Food (Adult) - Pack of 6,6% OFF,"₹,180","₹,169",6x85gm
Beverages,https://grofers.com/cn/beverages/cid/12,29,Tang Lemon Drink Mix,6% OFF,"₹,30","₹,28",100 gm
"Biscuits, Snacks & Chocolates",https://grofers.com/cn/biscuits-snacks-chocolates/cid/13,28,Glonuts Roasted Pistachios (Pouch),39% OFF,"₹,349","₹,212",200 gm
Home & Kitchen,https://grofers.com/cn/home-kitchen/cid/1047,31,Big Blue Bottle Brush (Big),6% OFF,"₹,50","₹,47",1 unit
Personal Care,https://grofers.com/cn/personal-care/cid/163,33,Khadi India Aloe Vera Kesar 100% Face Gel,0,"₹,150","₹,143",100 gm
Household Needs,https://grofers.com/cn/household-needs/cid/18,36,Vim Lemon Dishwash Gel (Refill) - Pack of 2,5% OFF,"₹,40","₹,38",2x115 ml
Baby & Kids,https://grofers.com/cn/baby-kids/cid/7,30,Nestle Cerelac 5 Grains & Fruits Stage 5 Fortified Baby Cereal (18 months+),0,0,"₹,249",300 gm
Grocery & Staples,https://grofers.com/cn/grocery-staples/cid/16,46,Rajdhani Mota Poha,12% OFF,"₹,55","₹,48",500 gm
Breakfast & Dairy,https://grofers.com/cn/breakfast-dairy/cid/14,36,Amul Taaza Toned Milk (Tetra Pak),0,"₹,62","₹,60",1 lt
Fruits & Vegetables,https://grofers.com/cn/fruits-vegetables/cid/9,42,Mushroom,0,0,"₹,60",200 gm
Furnishing & Home Needs,https://grofers.com/cn/furnishing-home-needs/cid/1379,32,"Sattva Bean Bag Cover Combo with Beans (XXXL, Maroon)",77% OFF,"₹,5695","₹,1299",XXXL
"Noodles, Sauces & Instant Food",https://grofers.com/cn/noodles-sauces-instant-food/cid/15,28,Ching's Secret Schezwan Chutney,8% OFF,"₹,60","₹,55",250 gm
"Meats, Frozen & Seafood",https://grofers.com/cn/meats-frozen-seafood/cid/4,28,Tata Sampann Meat Masala,49% OFF,"₹,73","₹,37",100 gm
Pet Care,https://grofers.com/cn/pet-care/cid/5,27,Sheba Deluxe Tuna Fillets & Whole Prawn in Gravy Wet Food (Pack of 2) - Pack of 2,15% OFF,"₹,140","₹,119",2x85 gm
Beverages,https://grofers.com/cn/beverages/cid/12,30,Tata Teaveda Tea,5% OFF,"₹,90","₹,85",250 gm
"Biscuits, Snacks & Chocolates",https://grofers.com/cn/biscuits-snacks-chocolates/cid/13,29,Glonuts Makhana,32% OFF,"₹,125","₹,85",100 gm
Home & Kitchen,https://grofers.com/cn/home-kitchen/cid/1047,32,Duracell AA Battery (Pack of 4),11% OFF,"₹,145","₹,129",1 unit
Personal Care,https://grofers.com/cn/personal-care/cid/163,34,Godrej No.1 Lime & Aloe Vera Soap - Buy 3 Get 1 Free,6% OFF,"₹,98","₹,92",4x150 gm
Household Needs,https://grofers.com/cn/household-needs/cid/18,37,Rin Refresh Lemon & Rose Detergent Powder,5% OFF,"₹,74","₹,70",1 kg
Baby & Kids,https://grofers.com/cn/baby-kids/cid/7,31,Dove Sensitive Moisture Bar Baby Soap,14% OFF,"₹,48","₹,41",75 gm
Grocery & Staples,https://grofers.com/cn/grocery-staples/cid/16,47,Fortune Sunlite Refined Sunflower Oil (Pouch),20% OFF,"₹,115","₹,92",1 lt
Breakfast & Dairy,https://grofers.com/cn/breakfast-dairy/cid/14,37,Amul Masti Spiced Buttermilk (Tetra Pak) - Pack of 2,0,"₹,24","₹,23",2x200 ml
Fruits & Vegetables,https://grofers.com/cn/fruits-vegetables/cid/9,43,Kajri Muskmelon,0,0,"₹,50",1 unit (700-1100 gm)
Furnishing & Home Needs,https://grofers.com/cn/furnishing-home-needs/cid/1379,33,"Sattva Bean Bag Cover Combo with Beans (XXL, Red)",77% OFF,"₹,4346","₹,999",XXL
"Noodles, Sauces & Instant Food",https://grofers.com/cn/noodles-sauces-instant-food/cid/15,29,Nutella Chocolate Spread,17% OFF,"₹,320","₹,263",290 gm
"Meats, Frozen & Seafood",https://grofers.com/cn/meats-frozen-seafood/cid/4,29,Tata Sampann Chicken Masala,50% OFF,"₹,70","₹,35",100 gm
Pet Care,https://grofers.com/cn/pet-care/cid/5,28,Sheba Deluxe Tuna White Meat & Snapper in Gravy Wet Food (Pack of 2) - Pack of 2,15% OFF,"₹,140","₹,119",2x85 gm
Beverages,https://grofers.com/cn/beverages/cid/12,31,Coca-Cola Soft Drink (Can),5% OFF,"₹,35","₹,33",300 ml
"Biscuits, Snacks & Chocolates",https://grofers.com/cn/biscuits-snacks-chocolates/cid/13,30,Lay's American Style Cream & Onion Chips,10% OFF,"₹,20","₹,18",52 gm
Home & Kitchen,https://grofers.com/cn/home-kitchen/cid/1047,33,"Princeware 1075P Frosty Wave Printed Bucket (25 lt, Assorted)",59% OFF,"₹,519","₹,209",1 unit
Personal Care,https://grofers.com/cn/personal-care/cid/163,35,Nivea Creme Soft Soap - Buy 2 Get 2 Free,50% OFF,"₹,176","₹,88",4x75 gm
Household Needs,https://grofers.com/cn/household-needs/cid/18,38,SaveMore Liquid Glass Cleaner - Buy 1 Get 1 Free,50% OFF,"₹,158","₹,79",2x500 ml
Baby & Kids,https://grofers.com/cn/baby-kids/cid/7,32,MamyPoko Pants Diaper (XXL) - Pack of 22,16% OFF,"₹,499","₹,419",22 units
Grocery & Staples,https://grofers.com/cn/grocery-staples/cid/16,48,Catch Coriander Powder/Dhania,19% OFF,"₹,52","₹,42",200 gm
Breakfast & Dairy,https://grofers.com/cn/breakfast-dairy/cid/14,38,Lawrence Mills Low Fat Corn Flakes,20% OFF,"₹,100","₹,80",500 gm
Fruits & Vegetables,https://grofers.com/cn/fruits-vegetables/cid/9,44,Brown Coconut,0,0,"₹,45",1 unit
Furnishing & Home Needs,https://grofers.com/cn/furnishing-home-needs/cid/1379,34,"Sattva Teardrop Bean Bag Cover with Beans Combo (XXXL, Black)",77% OFF,"₹,5695","₹,1299",XXXL
"Noodles, Sauces & Instant Food",https://grofers.com/cn/noodles-sauces-instant-food/cid/15,30,Sunfeast Yippee Magic Masala Noodles - Pack of 3,10% OFF,"₹,30","₹,27",3x60 gm
"Meats, Frozen & Seafood",https://grofers.com/cn/meats-frozen-seafood/cid/4,30,Catch Meat Masala,19% OFF,"₹,66","₹,53",100 gm
Pet Care,https://grofers.com/cn/pet-care/cid/5,29,Pedigree Chicken & Vegetables Dry Food (Adult) + Dentastix Medium Breed Treat (7 Pcs) Combo,15% OFF,"₹,700","₹,595",3kg + 180gm
Beverages,https://grofers.com/cn/beverages/cid/12,32,Real Activ 100% Tender Coconut Water - Pack of 24,15% OFF,"₹,960","₹,816",24x200 ml
"Biscuits, Snacks & Chocolates",https://grofers.com/cn/biscuits-snacks-chocolates/cid/13,31,Lijjat Plain Urad Papad,10% OFF,"₹,50","₹,45",200 gm
Home & Kitchen,https://grofers.com/cn/home-kitchen/cid/1047,34,Aravi Tea Assorted Plastic Strainer,70% OFF,"₹,30","₹,9",1 unit
Personal Care,https://grofers.com/cn/personal-care/cid/163,36,Dove Hair Therapy Daily Shine Shampoo,6% OFF,"₹,450","₹,423",650 ml
Household Needs,https://grofers.com/cn/household-needs/cid/18,39,Grofers 2 in 1 7 x 10 cm Sponge Scrub,0,0,"₹,30",1 unit
Baby & Kids,https://grofers.com/cn/baby-kids/cid/7,33,Nestle Cerelac Wheat Apple Stage 1 Fortified Baby Cereal (6 months+),0,0,"₹,179",300 gm
Breakfast & Dairy,https://grofers.com/cn/breakfast-dairy/cid/14,39,Mother Dairy Classic Curd (Cup),20% OFF,"₹,40","₹,32",400 gm
Fruits & Vegetables,https://grofers.com/cn/fruits-vegetables/cid/9,45,New Potato - Onion - Tomato (Hybrid),5% OFF,"₹,216","₹,204",5 kg+5 kg+2 kg
Furnishing & Home Needs,https://grofers.com/cn/furnishing-home-needs/cid/1379,35,Jumbo Assorted Gardening Pot (Brown),50% OFF,"₹,90","₹,45",1 unit
"Noodles, Sauces & Instant Food",https://grofers.com/cn/noodles-sauces-instant-food/cid/15,31,Fun Foods Eggless Cucumber & Carrot Sandwich Spread,6% OFF,"₹,79","₹,74",300 gm
"Meats, Frozen & Seafood",https://grofers.com/cn/meats-frozen-seafood/cid/4,31,MDH Chicken Masala,0,"₹,65","₹,62",100 gm
Pet Care,https://grofers.com/cn/pet-care/cid/5,30,Sheba Deluxe Tuna Fillets & Whole Prawn in Gravy + Whiskas Salmon In Gravy Wet Food (Adult) Combo,5% OFF,"₹,170","₹,160",2x85gm + 85gm
Beverages,https://grofers.com/cn/beverages/cid/12,33,Organic India Tulsi Classic Green Tea Bags,5% OFF,"₹,174","₹,164",25 units
"Biscuits, Snacks & Chocolates",https://grofers.com/cn/biscuits-snacks-chocolates/cid/13,32,Haldiram's Bhujia Namkeen,23% OFF,"₹,215","₹,164",1 kg
Home & Kitchen,https://grofers.com/cn/home-kitchen/cid/1047,35,Classic Premium Kitchen Tissue Roll,26% OFF,"₹,75","₹,55",1 unit
Personal Care,https://grofers.com/cn/personal-care/cid/163,37,Khadi India Anti Dandruff Shampoo,6% OFF,"₹,210","₹,197",230 ml
Household Needs,https://grofers.com/cn/household-needs/cid/18,40,Hit Flies & Mosquitoes Black Insect Killer (Spray),6% OFF,"₹,176","₹,165",400 ml
Baby & Kids,https://grofers.com/cn/baby-kids/cid/7,34,MamyPoko Pants Extra Absorb Diaper (M) - Pack of 56,30% OFF,"₹,699","₹,488",56 units
Breakfast & Dairy,https://grofers.com/cn/breakfast-dairy/cid/14,40,Saffola Classic Masala + Masala Peppy Tomato Oats (Pouch) Combo,14% OFF,"₹,290","₹,247",400gm + 400gm
Fruits & Vegetables,https://grofers.com/cn/fruits-vegetables/cid/9,46,Seedless Cucumber,0,0,"₹,20",500 gm
Furnishing & Home Needs,https://grofers.com/cn/furnishing-home-needs/cid/1379,36,"Orka Bean Bag Refill + Classic Bean Bag Cover without Beans (XL, Red) Combo",46% OFF,"₹,1497","₹,799",2x500gm + 1unit
"Noodles, Sauces & Instant Food",https://grofers.com/cn/noodles-sauces-instant-food/cid/15,32,Knorr Mast Masala Soupy Noodles - Pack of 3,5% OFF,"₹,36","₹,34",3x75 gm
"Meats, Frozen & Seafood",https://grofers.com/cn/meats-frozen-seafood/cid/4,32,Best Value Broiler (Pre-Cut) - Chicken,30% OFF,"₹,255","₹,177",12 units
Pet Care,https://grofers.com/cn/pet-care/cid/5,31,Sheba Deluxe Tuna White Meat & Snapper in Gravy Wet Food + Whiskas Salmon In Gravy Wet Food (Adult) Combo,5% OFF,"₹,170","₹,160",2x85gm + 85gm
Beverages,https://grofers.com/cn/beverages/cid/12,34,Tang Mango Instant Drink Mix,17% OFF,"₹,125","₹,103",500 gm
"Biscuits, Snacks & Chocolates",https://grofers.com/cn/biscuits-snacks-chocolates/cid/13,33,Oreo Original Vanilla Creme Biscuit - Buy 4 Get 1 Free,20% OFF,"₹,150","₹,120",5x120 gm
Home & Kitchen,https://grofers.com/cn/home-kitchen/cid/1047,36,Jumbo Office & Multi use - Scissor,50% OFF,"₹,79","₹,39",1 unit
Personal Care,https://grofers.com/cn/personal-care/cid/163,38,Head & Shoulders Anti Hairfall Anti Dandruff Shampoo,52% OFF,"₹,450","₹,213",675 ml
Household Needs,https://grofers.com/cn/household-needs/cid/18,41,Classic Garbage Bag (Medium) - Buy 2 Get 1 Free,33% OFF,"₹,171","₹,114",3x30 units
Baby & Kids,https://grofers.com/cn/baby-kids/cid/7,35,Johnson's Top To Toe Baby Wash,20% OFF,"₹,272","₹,216",500 ml
Breakfast & Dairy,https://grofers.com/cn/breakfast-dairy/cid/14,41,Saffola Classic Masala + Masala Veggie Twist Oats Combo,14% OFF,"₹,290","₹,247",400gm  + 400gm
Fruits & Vegetables,https://grofers.com/cn/fruits-vegetables/cid/9,47,Pineapple - Peeled,10% OFF,"₹,100","₹,90",1 unit
Furnishing & Home Needs,https://grofers.com/cn/furnishing-home-needs/cid/1379,37,Eurospa Elegance 100% Cotton Bath Towel (Blue),40% OFF,"₹,299","₹,179",1 unit
"Noodles, Sauces & Instant Food",https://grofers.com/cn/noodles-sauces-instant-food/cid/15,33,Fun Foods Eggless Mayonnaise,6% OFF,"₹,159","₹,149",875 gm
"Meats, Frozen & Seafood",https://grofers.com/cn/meats-frozen-seafood/cid/4,33,Everest Chicken Masala,10% OFF,"₹,70","₹,63",100 gm
Pet Care,https://grofers.com/cn/pet-care/cid/5,32,Sheba Pure Tuna White Meat in Jelly + Whiskas Salmon In Gravy Wet Food (Adult) Combo,5% OFF,"₹,170","₹,160",2x85gm + 85gm
Beverages,https://grofers.com/cn/beverages/cid/12,35,Tang Orange Drink Mix,6% OFF,"₹,30","₹,28",125 gm
"Biscuits, Snacks & Chocolates",https://grofers.com/cn/biscuits-snacks-chocolates/cid/13,34,Sunfeast Nice Biscuit,5% OFF,"₹,20","₹,19",150 gm
Home & Kitchen,https://grofers.com/cn/home-kitchen/cid/1047,37,Aravi Tea Assorted Plastic Strainer Set - Pack of 2,71% OFF,"₹,60","₹,17",2x1unit
Personal Care,https://grofers.com/cn/personal-care/cid/163,39,Bajaj Almond Drops Hair Oil,15% OFF,"₹,255","₹,215",500 ml
Household Needs,https://grofers.com/cn/household-needs/cid/18,42,Colin 2x More Shine Glass Cleaner,6% OFF,"₹,79","₹,74",500 ml
Baby & Kids,https://grofers.com/cn/baby-kids/cid/7,36,Himalaya Soothing Baby Wipes,24% OFF,"₹,185","₹,139",72 units
Breakfast & Dairy,https://grofers.com/cn/breakfast-dairy/cid/14,42,Saffola Masala Peppy Tomato (Pouch) + Masala Veggie Twist Oats Combo,14% OFF,"₹,290","₹,247",400gm + 400gm
Fruits & Vegetables,https://grofers.com/cn/fruits-vegetables/cid/9,48,Cabbage-Cauliflower Combo,12% OFF,"₹,33","₹,29",1unit + 1unit
Furnishing & Home Needs,https://grofers.com/cn/furnishing-home-needs/cid/1379,38,Grofers Flano 16 All Season Double Bed 210 GSM Blanket (Multicolor),50% OFF,"₹,599","₹,299",1 unit
"Noodles, Sauces & Instant Food",https://grofers.com/cn/noodles-sauces-instant-food/cid/15,34,Fun Foods Crunchy Peanut Butter,6% OFF,"₹,149","₹,140",340 gm
"Meats, Frozen & Seafood",https://grofers.com/cn/meats-frozen-seafood/cid/4,34,Best Value Salami - Chicken,19% OFF,"₹,370","₹,299",500 gm
Pet Care,https://grofers.com/cn/pet-care/cid/5,33,Sheba Succulent Chicken Breast in Gravy + Whiskas Salmon In Gravy Wet Food (Adult) Combo,5% OFF,"₹,170","₹,160",2x85gm + 85gm
Beverages,https://grofers.com/cn/beverages/cid/12,36,Amul Lassi (Tetra Pak) - Pack of 2,0,"₹,40","₹,39",2x250 ml
"Biscuits, Snacks & Chocolates",https://grofers.com/cn/biscuits-snacks-chocolates/cid/13,35,Britannia Good Day Butter Cookie - Pack of 4,5% OFF,"₹,40","₹,38",4x63 gm
Home & Kitchen,https://grofers.com/cn/home-kitchen/cid/1047,38,Rio Floor Cotton Yarn Duster,10% OFF,"₹,49","₹,44",1 unit
Personal Care,https://grofers.com/cn/personal-care/cid/163,40,Gillette Presto Readyshaver Sata Sat Men's Razor,5% OFF,"₹,88","₹,83",5 units
Household Needs,https://grofers.com/cn/household-needs/cid/18,43,Scotch Brite Stainless Steel Scrubber,6% OFF,"₹,30","₹,28",1 unit
Baby & Kids,https://grofers.com/cn/baby-kids/cid/7,37,Johnson's Blossoms Baby Soap,8% OFF,"₹,45","₹,41",75 gm
Breakfast & Dairy,https://grofers.com/cn/breakfast-dairy/cid/14,43,Kellogg's Original & the Best Corn Flakes (Carton),11% OFF,"₹,172","₹,153",475 gm
Furnishing & Home Needs,https://grofers.com/cn/furnishing-home-needs/cid/1379,39,Grofers Hollow Polyester Staple Fiber Pillow (White) - Set Of 2,57% OFF,"₹,699","₹,299",1 unit
"Noodles, Sauces & Instant Food",https://grofers.com/cn/noodles-sauces-instant-food/cid/15,35,Tops Plain Noodles,12% OFF,"₹,41","₹,36",350 gm
"Meats, Frozen & Seafood",https://grofers.com/cn/meats-frozen-seafood/cid/4,35,Everest Meat Masala,10% OFF,"₹,70","₹,63",100 gm
Pet Care,https://grofers.com/cn/pet-care/cid/5,34,Whiskas Chicken in Gravy (Adult) + Sheba Deluxe Tuna Fillets & Whole Prawn in Gravy Wet Food Combo,5% OFF,"₹,170","₹,160",85gm + 2x85gm
Beverages,https://grofers.com/cn/beverages/cid/12,37,Hamdard Rooh Afza Sharbat (Bottle),9% OFF,"₹,135","₹,122",750 ml
"Biscuits, Snacks & Chocolates",https://grofers.com/cn/biscuits-snacks-chocolates/cid/13,36,Haldiram's Navratan Mix Namkeen,6% OFF,"₹,83","₹,78",400 gm
Home & Kitchen,https://grofers.com/cn/home-kitchen/cid/1047,39,Ruby Kitchen Cleaner Duster,6% OFF,"₹,60","₹,56",3 units
Personal Care,https://grofers.com/cn/personal-care/cid/163,41,Eno Lemon Antacid,6% OFF,"₹,48","₹,45",30 gm
Household Needs,https://grofers.com/cn/household-needs/cid/18,44,Surf Excel Quick Wash Detergent Powder,17% OFF,"₹,190","₹,157",1 kg
Baby & Kids,https://grofers.com/cn/baby-kids/cid/7,38,Nestle Lactogen 2 Follow-Up Infant Formula (6 months+),0,0,"₹,292",400 gm
Breakfast & Dairy,https://grofers.com/cn/breakfast-dairy/cid/14,44,Green Coconut - Peeled,0,0,"₹,42",1 unit
Furnishing & Home Needs,https://grofers.com/cn/furnishing-home-needs/cid/1379,40,Grofers Flano 15 All Season Double Bed 210 GSM Blanket (Multicolor),50% OFF,"₹,599","₹,299",1 unit
"Noodles, Sauces & Instant Food",https://grofers.com/cn/noodles-sauces-instant-food/cid/15,36,Ching's Secret Green Chilli Sauce (Bottle),6% OFF,"₹,50","₹,47",190 gm
"Meats, Frozen & Seafood",https://grofers.com/cn/meats-frozen-seafood/cid/4,36,Best Value Singhara (Fillet) - Fish,12% OFF,"₹,325","₹,285",500 gm
Pet Care,https://grofers.com/cn/pet-care/cid/5,35,Whiskas Chicken in Gravy (Adult) + Sheba Deluxe Tuna White Meat & Snapper in Gravy Wet Food Combo,5% OFF,"₹,170","₹,160",85gm + 2x85gm
Beverages,https://grofers.com/cn/beverages/cid/12,38,Kinley Club Soda (Bottle) - Pack of 2,6% OFF,"₹,30","₹,28",2x600 ml
"Biscuits, Snacks & Chocolates",https://grofers.com/cn/biscuits-snacks-chocolates/cid/13,37,Haldiram's Moong Dal Namkeen,6% OFF,"₹,49","₹,46",200 gm
Home & Kitchen,https://grofers.com/cn/home-kitchen/cid/1047,40,Princeware 20x15x13 cm Plastic Basket,58% OFF,"₹,142","₹,59",1 unit
Personal Care,https://grofers.com/cn/personal-care/cid/163,42,Engage Mate Men's Deodorant,44% OFF,"₹,190","₹,106",150 ml
Household Needs,https://grofers.com/cn/household-needs/cid/18,45,Grofers 2 Ply Paper Napkins (50 Pulls),34% OFF,"₹,58","₹,38",1 unit
Baby & Kids,https://grofers.com/cn/baby-kids/cid/7,39,MamyPoko Pants Standard Diaper (S),15% OFF,"₹,399","₹,339",46 units
Breakfast & Dairy,https://grofers.com/cn/breakfast-dairy/cid/14,45,Amul Cheese Cubes,0,"₹,108","₹,106",200 gm
Furnishing & Home Needs,https://grofers.com/cn/furnishing-home-needs/cid/1379,41,SaveMore Cabana Stripe 400 GSM Cotton Terry Bath Towel (Pink),62% OFF,"₹,399","₹,149",1 unit
"Noodles, Sauces & Instant Food",https://grofers.com/cn/noodles-sauces-instant-food/cid/15,37,Maggi Imli Pichkoo Tamarind Sauce (Pouch),5% OFF,"₹,20","₹,19",90 gm
"Meats, Frozen & Seafood",https://grofers.com/cn/meats-frozen-seafood/cid/4,37,Hen Fruit No Hatch Herbal Eggs,21% OFF,"₹,70","₹,55",6 units
Pet Care,https://grofers.com/cn/pet-care/cid/5,36,Whiskas Chicken in Gravy (Adult) + Sheba Pure Tuna White Meat in Jelly Wet Food Combo,5% OFF,"₹,170","₹,160",85gm + 2x85gm
Beverages,https://grofers.com/cn/beverages/cid/12,39,Lipton Honey Lemon Green Tea Bags,5% OFF,"₹,140","₹,132",25 units
"Biscuits, Snacks & Chocolates",https://grofers.com/cn/biscuits-snacks-chocolates/cid/13,38,Sunfeast Nice Biscuit - Pack of 2,7% OFF,"₹,40","₹,37",2x150 gm
Home & Kitchen,https://grofers.com/cn/home-kitchen/cid/1047,41,All Time 040 Plastic Cloth Hanger (Blue),36% OFF,"₹,235","₹,149",12 units
Personal Care,https://grofers.com/cn/personal-care/cid/163,43,Dettol Deep Cleanse Soap - Buy 3 Get 1 Free,0,0,"₹,93",4x75 gm
Household Needs,https://grofers.com/cn/household-needs/cid/18,46,Godrej Aer Pocket Bathroom Freshener Combo - Pack of 3,22% OFF,"₹,162","₹,125",1 unit
Baby & Kids,https://grofers.com/cn/baby-kids/cid/7,40,Nestle Lactogen 1 Infant Formula (0-6 months),0,0,"₹,302",400 gm
Breakfast & Dairy,https://grofers.com/cn/breakfast-dairy/cid/14,46,Sweet Lime (Mosambi),16% OFF,"₹,90","₹,75",8 units (1.1-1.4 kg)
Furnishing & Home Needs,https://grofers.com/cn/furnishing-home-needs/cid/1379,42,SaveMore Cabana Stripe 400 GSM Cotton Terry Bath Towel (Royal Blue),62% OFF,"₹,399","₹,149",1 unit
"Noodles, Sauces & Instant Food",https://grofers.com/cn/noodles-sauces-instant-food/cid/15,38,Ching's Secret Red Chilli Sauce (Bottle),6% OFF,"₹,50","₹,47",200 gm
"Meats, Frozen & Seafood",https://grofers.com/cn/meats-frozen-seafood/cid/4,38,Amul Happy Treats Veg Burger Patty,6% OFF,"₹,79","₹,74",360 gm
Pet Care,https://grofers.com/cn/pet-care/cid/5,37,Whiskas Chicken in Gravy (Adult) + Sheba Succulent Chicken Breast in Gravy Wet Food Combo,5% OFF,"₹,170","₹,160",85gm + 2x85gm
Beverages,https://grofers.com/cn/beverages/cid/12,40,Mother Dairy Spiced Buttermilk (Tetra Pak) - Pack of 2,0,"₹,24","₹,23",2x200 ml
"Biscuits, Snacks & Chocolates",https://grofers.com/cn/biscuits-snacks-chocolates/cid/13,39,Britannia Treat Jim Jam Biscuit,6% OFF,"₹,60","₹,56",2x150 gm
Home & Kitchen,https://grofers.com/cn/home-kitchen/cid/1047,42,Aravi Assorted Napkins - Set of 6,57% OFF,"₹,99","₹,42",1 unit
Personal Care,https://grofers.com/cn/personal-care/cid/163,44,Lux Fresh Splash Soap - Buy 3 Get 1 Free,0,"₹,87","₹,84",4x100 gm
Household Needs,https://grofers.com/cn/household-needs/cid/18,47,Grofers Aluminium Foil,35% OFF,"₹,340","₹,221",72 m
Baby & Kids,https://grofers.com/cn/baby-kids/cid/7,41,Johnson's Baby Lotion,9% OFF,"₹,142","₹,128",200 ml
Breakfast & Dairy,https://grofers.com/cn/breakfast-dairy/cid/14,47,Dabur Squeezy Honey - Buy 1 Get 1 Free,0,0,"₹,245",400 gm+400 gm
Furnishing & Home Needs,https://grofers.com/cn/furnishing-home-needs/cid/1379,43,Swayam 144 TC Geometric Cotton Double Bedsheet Set (Orange) - ECO 1270,50% OFF,"₹,1499","₹,749",1 unit
"Noodles, Sauces & Instant Food",https://grofers.com/cn/noodles-sauces-instant-food/cid/15,39,Ching's Secret Superior Dark Soy Sauce,6% OFF,"₹,50","₹,47",200 gm
"Meats, Frozen & Seafood",https://grofers.com/cn/meats-frozen-seafood/cid/4,39,Best Value Orly - Fish,0,"₹,365","₹,355",500 gm
Pet Care,https://grofers.com/cn/pet-care/cid/5,38,Whiskas Tuna in Jelly (Adult) + Sheba Deluxe Tuna Fillets & Whole Prawn in Gravy Wet Food Combo (Adult),5% OFF,"₹,170","₹,160",85gm + 2x85gm
Beverages,https://grofers.com/cn/beverages/cid/12,41,Mother Dairy Nutri Fit Strawberry Lassi (Bottle) - Pack of 2,5% OFF,"₹,20","₹,19",2x80 ml
"Biscuits, Snacks & Chocolates",https://grofers.com/cn/biscuits-snacks-chocolates/cid/13,40,Haldiram's Bhujia Namkeen - Pack of 2,5% OFF,"₹,88","₹,83",2x200 gm
Home & Kitchen,https://grofers.com/cn/home-kitchen/cid/1047,43,"Gala Silicon Rubber, Italy Pipe & Plastic Handle Wiper",17% OFF,"₹,156","₹,129",1 unit
Personal Care,https://grofers.com/cn/personal-care/cid/163,45,Dabur Gulabari Premium Rose Water,14% OFF,"₹,68","₹,58",250 ml
Household Needs,https://grofers.com/cn/household-needs/cid/18,48,"Grofers Small Garbage Bag (17x19"")",24% OFF,"₹,50","₹,38",30 units
Baby & Kids,https://grofers.com/cn/baby-kids/cid/7,42,Nestle Cerelac Wheat Rice Mixed Fruit Stage 3 Fortified Baby Cereal (10 months+),0,0,"₹,229",300 gm
Breakfast & Dairy,https://grofers.com/cn/breakfast-dairy/cid/14,48,Mother Dairy Blueberry Flavoured Yogurt (Cup),0,0,"₹,20",100 gm
Furnishing & Home Needs,https://grofers.com/cn/furnishing-home-needs/cid/1379,44,Recron Small Bliss Polyester Cotton Pillow (White) - Pack of 2,29% OFF,"₹,858","₹,601",2x1 unit
"Noodles, Sauces & Instant Food",https://grofers.com/cn/noodles-sauces-instant-food/cid/15,40,Top Ramen Curry Veg Noodles,20% OFF,"₹,80","₹,64",280 gm
"Meats, Frozen & Seafood",https://grofers.com/cn/meats-frozen-seafood/cid/4,40,Best Value Whole Broiler (Skinless) - Chicken,29% OFF,"₹,250","₹,177",1 unit
Pet Care,https://grofers.com/cn/pet-care/cid/5,39,Whiskas Tuna in Jelly (Adult) + Sheba Deluxe Tuna White Meat & Snapper in Gravy Wet Food Combo,5% OFF,"₹,170","₹,160",85gm + 2x85gm
Beverages,https://grofers.com/cn/beverages/cid/12,42,Mother Dairy Nutri Fit Mango Lassi (Bottle) - Pack of 2,0,"₹,24","₹,23",2x80 ml
"Biscuits, Snacks & Chocolates",https://grofers.com/cn/biscuits-snacks-chocolates/cid/13,41,Oreo Original Vanilla Creme Biscuit,6% OFF,"₹,30","₹,28",120 gm
Home & Kitchen,https://grofers.com/cn/home-kitchen/cid/1047,44,All Time Deluxe Virgin Plastic Soap Case (Blue),20% OFF,"₹,24","₹,19",1 unit
Personal Care,https://grofers.com/cn/personal-care/cid/163,46,Gillette Presto Ready Men's Razor,5% OFF,"₹,19","₹,18",1 unit
Baby & Kids,https://grofers.com/cn/baby-kids/cid/7,43,Pepsodent Kiddy Soft Baby Toothbrush,10% OFF,"₹,20","₹,18",1 unit
Furnishing & Home Needs,https://grofers.com/cn/furnishing-home-needs/cid/1379,45,Recron Small Paradise Swiss Cotton Pillow (White) - Pack of 2,15% OFF,"₹,478","₹,402",2x1 unit
"Noodles, Sauces & Instant Food",https://grofers.com/cn/noodles-sauces-instant-food/cid/15,41,Maggi Masala Penne Pasta - Pack of 2,6% OFF,"₹,48","₹,45",2x65 gm
"Meats, Frozen & Seafood",https://grofers.com/cn/meats-frozen-seafood/cid/4,41,Sumeru Masala Piri Piri French Fries,14% OFF,"₹,127","₹,108",400 gm
Pet Care,https://grofers.com/cn/pet-care/cid/5,40,Whiskas Tuna in Jelly (Adult) + Sheba Pure Tuna White Meat in Jelly Wet Food Combo,5% OFF,"₹,170","₹,160",85gm + 2x85gm
Beverages,https://grofers.com/cn/beverages/cid/12,43,Tang Orange Instant Drink Mix,17% OFF,"₹,180","₹,148",750 gm
"Biscuits, Snacks & Chocolates",https://grofers.com/cn/biscuits-snacks-chocolates/cid/13,42,Amul 55% Cocoa Dark Chocolate,12% OFF,"₹,90","₹,79",150 gm
Home & Kitchen,https://grofers.com/cn/home-kitchen/cid/1047,45,Aravi Wooden Cloth Brush (Assorted),56% OFF,"₹,50","₹,22",1 unit
Personal Care,https://grofers.com/cn/personal-care/cid/163,47,Pears Oil Clear & Glow Soap,5% OFF,"₹,38","₹,36",75 gm
Baby & Kids,https://grofers.com/cn/baby-kids/cid/7,44,Himalaya Baby Massage Oil,19% OFF,"₹,326","₹,261",500 ml
Furnishing & Home Needs,https://grofers.com/cn/furnishing-home-needs/cid/1379,46,Bombay Dyeing 104 TC Abstract 100% Cotton Double Bedsheet Set (Blue) - BS3DBAXIA3731BLU Axia,50% OFF,"₹,1199","₹,599",1 unit
"Noodles, Sauces & Instant Food",https://grofers.com/cn/noodles-sauces-instant-food/cid/15,42,Maggi Cheese Macaroni Pasta,6% OFF,"₹,48","₹,45",2x70 gm
"Meats, Frozen & Seafood",https://grofers.com/cn/meats-frozen-seafood/cid/4,42,Best Value Liver - Mutton,0,"₹,305","₹,295",500 gm
Pet Care,https://grofers.com/cn/pet-care/cid/5,41,Whiskas Tuna in Jelly (Adult) + Sheba Succulent Chicken Breast in Gravy Wet Food Combo,5% OFF,"₹,170","₹,160",85gm + 2x85gm
Beverages,https://grofers.com/cn/beverages/cid/12,44,B Natural Litchi Luscious Juice,30% OFF,"₹,99","₹,69",1 lt
"Biscuits, Snacks & Chocolates",https://grofers.com/cn/biscuits-snacks-chocolates/cid/13,43,Britannia Bourbon The Original Biscuit - Pack of 4,5% OFF,"₹,40","₹,38",4x60 gm
Home & Kitchen,https://grofers.com/cn/home-kitchen/cid/1047,46,Classic Kitchen Towel (Pack Of 2),26% OFF,"₹,140","₹,103",1 unit
Personal Care,https://grofers.com/cn/personal-care/cid/163,48,Pepsodent Germicheck Cavity Protection Toothpaste,0,0,"₹,115",2x150 gm
Baby & Kids,https://grofers.com/cn/baby-kids/cid/7,45,Pampers Baby Dry Pants Diaper (S) - Pack of 86,30% OFF,"₹,949","₹,655",86 units
Furnishing & Home Needs,https://grofers.com/cn/furnishing-home-needs/cid/1379,47,Bombay Dyeing 104 TC Abstract 100% Cotton Double Bedsheet Set (Pink) - BS3DBAXIA3731PNK Axia,50% OFF,"₹,1199","₹,599",1 unit
"Noodles, Sauces & Instant Food",https://grofers.com/cn/noodles-sauces-instant-food/cid/15,43,MTR Rice Idli Breakfast Mix,6% OFF,"₹,95","₹,89",500 gm
"Meats, Frozen & Seafood",https://grofers.com/cn/meats-frozen-seafood/cid/4,43,Best Value Tilapia (Fillet) - Fish,0,0,"₹,375",500 gm
Pet Care,https://grofers.com/cn/pet-care/cid/5,42,Pedigree Meat Jerky Barbecue Chicken Treat - Pack of 2,15% OFF,"₹,240","₹,204",2x80 gm
Beverages,https://grofers.com/cn/beverages/cid/12,45,"Horlicks Chocolate Delight, Health & Nutrition Drink (Carton)",5% OFF,"₹,340","₹,320",1 kg
"Biscuits, Snacks & Chocolates",https://grofers.com/cn/biscuits-snacks-chocolates/cid/13,44,Green Bite Red Raw Peanuts,43% OFF,"₹,90","₹,51",500 gm
Home & Kitchen,https://grofers.com/cn/home-kitchen/cid/1047,47,Amiraj Sprout Maker,80% OFF,"₹,499","₹,99",1 unit
Baby & Kids,https://grofers.com/cn/baby-kids/cid/7,46,Nestle NAN Pro 1 Starter Infant Formula (0-6 months),0,0,"₹,540",400 gm
Furnishing & Home Needs,https://grofers.com/cn/furnishing-home-needs/cid/1379,48,Bombay Dyeing 104 TC Abstract 100% Cotton Double Bedsheet Set (Red) - BS3DBAXIA3732RED Axia,50% OFF,"₹,1199","₹,599",1 unit
"Noodles, Sauces & Instant Food",https://grofers.com/cn/noodles-sauces-instant-food/cid/15,44,Dabur Honey,8% OFF,"₹,370","₹,339",1 kg
"Meats, Frozen & Seafood",https://grofers.com/cn/meats-frozen-seafood/cid/4,44,Amul Happy Treats Potato Wedges Ready to Eat,6% OFF,"₹,83","₹,78",400 gm
Pet Care,https://grofers.com/cn/pet-care/cid/5,43,Pedigree Meat Jerky Roasted Lamb Treat - Pack of 2,15% OFF,"₹,240","₹,204",2x80 gm
Beverages,https://grofers.com/cn/beverages/cid/12,46,Real Activ 100% Orange Juice,31% OFF,"₹,120","₹,82",1 lt
"Biscuits, Snacks & Chocolates",https://grofers.com/cn/biscuits-snacks-chocolates/cid/13,45,Parle Monaco Classic Regular Biscuit - Pack of 4,5% OFF,"₹,40","₹,38",4x75 gm
Home & Kitchen,https://grofers.com/cn/home-kitchen/cid/1047,48,Gala No Dust 90 cm Plastic & Grass like Fiber Broom (Blue & Brown) - l,22% OFF,"₹,180","₹,139",1 unit
Baby & Kids,https://grofers.com/cn/baby-kids/cid/7,47,Johnson's Active Kids Shiny Drop with Argan Oil Shampoo,9% OFF,"₹,95","₹,86",100 ml
"Noodles, Sauces & Instant Food",https://grofers.com/cn/noodles-sauces-instant-food/cid/15,45,Patanjali Mixed Fruit Jam,0,0,"₹,75",500 gm
"Meats, Frozen & Seafood",https://grofers.com/cn/meats-frozen-seafood/cid/4,45,Hen Fruit Cage Free Eggs,10% OFF,"₹,110","₹,99",6 units
Pet Care,https://grofers.com/cn/pet-care/cid/5,44,Pedigree Meat Jerky Stix Bacon Treat - Pack of 2,15% OFF,"₹,240","₹,204",2x60 gm
Beverages,https://grofers.com/cn/beverages/cid/12,47,Mother Dairy Tadka Bottle Buttermilk - Pack of 2,5% OFF,"₹,20","₹,19",2x200 ml
"Biscuits, Snacks & Chocolates",https://grofers.com/cn/biscuits-snacks-chocolates/cid/13,46,Glonuts Yellow Raisins,51% OFF,"₹,109","₹,53",200 gm
Baby & Kids,https://grofers.com/cn/baby-kids/cid/7,48,Johnson's Baby Soap,10% OFF,"₹,80","₹,72",150 gm
"Noodles, Sauces & Instant Food",https://grofers.com/cn/noodles-sauces-instant-food/cid/15,46,Tops Green Chilli Sauce,12% OFF,"₹,47","₹,41",200 gm
"Meats, Frozen & Seafood",https://grofers.com/cn/meats-frozen-seafood/cid/4,46,Sumeru Grilled Patty - Chicken,9% OFF,"₹,165","₹,149",318 gm
Pet Care,https://grofers.com/cn/pet-care/cid/5,45,Pedigree Meat Jerky Stix Grilled Liver Treat - Pack of 2,15% OFF,"₹,240","₹,204",2x60 gm
Beverages,https://grofers.com/cn/beverages/cid/12,48,Cadbury Bournvita 5 Star Magic Pro-Health Chocolate Health Drink (Refill),7% OFF,"₹,213","₹,196",500 gm
"Biscuits, Snacks & Chocolates",https://grofers.com/cn/biscuits-snacks-chocolates/cid/13,47,Haldiram's Diet Chivda Namkeen - Pack of 2,6% OFF,"₹,60","₹,56",2x150 gm
"Noodles, Sauces & Instant Food",https://grofers.com/cn/noodles-sauces-instant-food/cid/15,47,Patanjali Classic Atta Noodles - Pack of 4,0,0,"₹,40",4x60 gm
"Meats, Frozen & Seafood",https://grofers.com/cn/meats-frozen-seafood/cid/4,47,Best Value Boneless - Mutton,22% OFF,"₹,425","₹,329",500 gm
Pet Care,https://grofers.com/cn/pet-care/cid/5,46,Pedigree Meat Jerky Stix Smoked Salmon Treat - Pack of 2,15% OFF,"₹,240","₹,204",2x60 gm
"Biscuits, Snacks & Chocolates",https://grofers.com/cn/biscuits-snacks-chocolates/cid/13,48,Lijjat Moong Papad,10% OFF,"₹,50","₹,45",200 gm
"Noodles, Sauces & Instant Food",https://grofers.com/cn/noodles-sauces-instant-food/cid/15,48,Apis Himalaya Honey - Buy 1 Get 1 Free,0,0,"₹,220",2x500 gm
"Meats, Frozen & Seafood",https://grofers.com/cn/meats-frozen-seafood/cid/4,48,Best Value Surmai (Fillet) - Fish,30% OFF,"₹,720","₹,499",500 gm
Pet Care,https://grofers.com/cn/pet-care/cid/5,47,Pedigree Dentastix Medium Breed Treat (7 Pcs) - Pack of 2,10% OFF,"₹,300","₹,270",2x180 gm
Pet Care,https://grofers.com/cn/pet-care/cid/5,48,Pedigree Dentastix Large Breed Treat (7 Pcs),7% OFF,"₹,200","₹,186",270 gm
